benchmark,selected,solved,runtime
BV/2017-Preiner-keymaera/intersection-example-simple.proof-node151296.smt2,Z3alpha,1,0.2678078811150044
BV/20170501-Heizmann-UltimateAutomizer/jain_6_true-unreach-call_true-no-overflow.i_433.smt2,cvc5,1,2.924235495040193
BV/2017-Preiner-psyco/052.smt2,Z3alpha,1,0.41716508800163865
BV/2017-Preiner-scholl-smt08/RNDPRE/RNDPRE_3_60.smt2,YicesQS,1,0.6880485091824085
BV/2018-Preiner-cav18/check_bvsle_bvmul_64bit.smt2,cvc5,1,1.9481570548377931
BV/2020-Preiner-fmcad20/inv/check_ic_concat_s_x_64.smt2,Bitwuzla,1,0.25865146005526185
BV/2020-Preiner-fmcad20/inv/check_ic_bvsge_x_s_4.smt2,Bitwuzla,1,0.24526702612638474
BV/20230321-UltimateAutomizerSvcomp2023/soft_float_4-2.c.cil.c_9.smt2,cvc5,1,80.34881595615298
BV/20170501-Heizmann-UltimateAutomizer/jain_6_true-unreach-call_true-no-overflow.i_387.smt2,cvc5,1,1.6452226340770721
BV/2017-Preiner-keymaera/intersection-example-simple.proof-node392295.smt2,Z3alpha,1,0.270753838121891
BV/2017-Preiner-keymaera/intersection-example-simple.proof-node733082.smt2,Z3alpha,1,0.26890650507993996
BV/2017-Preiner-keymaera/intersection-example-simple.proof-node99986.smt2,Z3alpha,1,0.2711127190850675
BV/2017-Preiner-keymaera/intersection-example-simple.proof-node548277.smt2,Z3alpha,1,0.27222680300474167
BV/2017-Preiner-keymaera/intersection-example-simple.proof-node52492.smt2,Z3alpha,1,0.29774207691662014
BV/2017-Preiner-keymaera/intersection-example-simple.proof-node606769.smt2,Z3alpha,1,0.2730421610176563
BV/20230321-UltimateAutomizerSvcomp2023/btor2c-lazyMod.fischer.1.prop1-back-serstep.c_2.smt2,cvc5,1,0.2689356568735093
BV/2017-Preiner-scholl-smt08/RNDPRE/RNDPRE_4_55.smt2,YicesQS,1,0.7101773761678487
BV/2017-Preiner-scholl-smt08/RNDPRE/RNDPRE_4_32.smt2,YicesQS,1,0.3767375028692186
BV/2017-Preiner-keymaera/intersection-example-simple.proof-node172099.smt2,Z3alpha,1,0.2895453458186239
BV/2018-Preiner-cav18/check_bvult_bvadd_32bit.smt2,cvc5,1,0.23288836306892335
BV/2017-Preiner-scholl-smt08/model/model_6_40.smt2,Z3alpha,1,0.30826329509727657
BV/2017-Preiner-scholl-smt08/RNDPRE/RNDPRE_4_68.smt2,YicesQS,1,0.594870890956372
BV/2018-Preiner-cav18/check_bvsle_bvudiv1_64bit.smt2,Bitwuzla,1,0.4013781070243567
BV/2017-Preiner-scholl-smt08/RNDPRE/RNDPRE_4_66.smt2,YicesQS,0,1201.7217910250183
BV/2017-Preiner-scholl-smt08/RND/RND_4_22.smt2,Z3alpha,1,23.959546698024496
BV/2017-Preiner-keymaera/intersection-example-simple.proof-node561875.smt2,Z3alpha,1,0.269922788022086
BV/2017-Preiner-keymaera/intersection-example-simple.proof-node602111.smt2,Z3alpha,1,0.29643543995916843
BV/2020-Preiner-fmcad20/cons/check_cc_bvuge_s_x_32.smt2,cvc5,1,80.24334498401731
BV/2018-Preiner-cav18/check_ne_bvurem1_32bit.smt2,cvc5,1,0.5283696060068905
BV/wintersteiger/fmsd13/fixpoint/itc-b13-fixpoint-8.smt2,Bitwuzla,1,0.35233908891677856
BV/2018-Preiner-cav18/check_eq_bvshl0_64bit.smt2,cvc5,1,0.9085964960977435
BV/2018-Preiner-cav18/check_bvsge_bvudiv1_64bit.smt2,cvc5,1,44.22195722302422
BV/2017-Preiner-scholl-smt08/model/model_6_26.smt2,Z3alpha,1,0.28266884619370103
BV/2017-Preiner-keymaera/intersection-example-simple.proof-node560442.smt2,Z3alpha,1,0.26739944401197135
BV/20190429-UltimateAutomizerSvcomp2019/jain_6_true-unreach-call_true-no-overflow_false-termination.i_1.smt2,YicesQS,1,0.22466101218014956
BV/2017-Preiner-keymaera/intersection-example-simple.proof-node247731.smt2,Z3alpha,1,0.27912605996243656
BV/2017-Preiner-psyco/121.smt2,Z3alpha,1,0.2900354010052979
BV/2017-Preiner-psyco/167.smt2,Z3alpha,1,0.39039456006139517
BV/2018-Preiner-cav18/check_bvult_bvurem1_64bit.smt2,cvc5,1,0.9408345930278301
BV/20190429-UltimateAutomizerSvcomp2019/jain_7_true-unreach-call_true-no-overflow_false-termination.i_9.smt2,YicesQS,1,0.2825491181574762
BV/2017-Preiner-keymaera/intersection-example-simple.proof-node559637.smt2,Z3alpha,1,0.2705465869512409
BV/2017-Preiner-scholl-smt08/model/model_6_76.smt2,Z3alpha,1,0.2824309451971203
BV/2020-Preiner-fmcad20/inv/check_ic_bvmul_x_s_4.smt2,cvc5,1,0.9892760571092367
BV/2017-Preiner-keymaera/bouncing-ball-simple-node5980.smt2,YicesQS,1,0.22697777301073074
BV/2017-Preiner-keymaera/intersection-example-simple.proof-node488451.smt2,Z3alpha,1,0.2703614819329232
BV/2017-Preiner-keymaera/intersection-example-onelane.proof-node48396.smt2,Z3alpha,1,0.40534974401816726
BV/2017-Preiner-keymaera/intersection-example-simple.proof-node365013.smt2,Z3alpha,1,0.29768686182796955
BV/20190429-UltimateAutomizerSvcomp2019/jain_7_true-unreach-call_true-no-overflow_false-termination.i_18.smt2,YicesQS,1,0.22761850291863084
BV/2017-Preiner-keymaera/intersection-example-simple.proof-node270758.smt2,Z3alpha,1,0.2886109899263829
BV/2017-Preiner-keymaera/intersection-example-simple.proof-node459232.smt2,Z3alpha,1,0.2686258149333298
BV/20190429-UltimateAutomizerSvcomp2019/jain_7_true-unreach-call_true-no-overflow_false-termination.i_10.smt2,YicesQS,1,0.2736667268909514
BV/wintersteiger/fmsd13/fixpoint/small-equiv-fixpoint-4.smt2,cvc5,1,0.24815833405591547
BV/wintersteiger/fmsd13/ranking/network_ndis_rtlnwifi_extsta_st_misc.c.smt2,Bitwuzla,1,0.2804588449653238
BV/2017-Preiner-keymaera/intersection-example-simple.proof-node688713.smt2,Z3alpha,1,0.2987604020163417
BV/20170501-Heizmann-UltimateAutomizer/MultCommutative_true-unreach-call_true-no-overflow_true-termination.c_3235.smt2,cvc5,1,0.23237142502330244
BV/20230321-UltimateAutomizerSvcomp2023/jain_2-2.c_10.smt2,cvc5,1,0.9678228800185025
BV/2017-Preiner-keymaera/intersection-example-onelane.proof-node37018.smt2,Z3alpha,1,0.40375448716804385
BV/2017-Preiner-keymaera/vsli-alert.proof-node2442.smt2,YicesQS,1,0.33501892001368105
BV/20230321-UltimateAutomizerSvcomp2023/sum.i_1.smt2,cvc5,1,0.22455325885675848
BV/2017-Preiner-keymaera/intersection-example-simple.proof-node478879.smt2,Z3alpha,1,0.2708515948615968
BV/2018-Preiner-cav18/check_bvslt_bvurem0_64bit.smt2,Bitwuzla,1,0.2533329389989376
BV/2020-Preiner-fmcad20/cons/check_cc_bvshl_x_s_32.smt2,cvc5,0,1201.7213594759814
BV/2017-Preiner-keymaera/intersection-example-simple.proof-node368539.smt2,Z3alpha,1,0.26940870587714016
BV/2017-Preiner-keymaera/intersection-example-simple.proof-node388424.smt2,Z3alpha,1,0.2767706480808556
BV/2017-Preiner-scholl-smt08/RNDPRE/RNDPRE_3_48.smt2,YicesQS,1,0.3261716349516064
BV/2017-Preiner-scholl-smt08/RNDPRE/RNDPRE_4_41.smt2,YicesQS,0,1201.7302176509984
BV/2017-Preiner-keymaera/intersection-example-simple.proof-node601561.smt2,Z3alpha,1,0.29641806799918413
BV/2017-Preiner-scholl-smt08/model/model_6_47.smt2,Z3alpha,1,0.2731775199063122
BV/20230321-UltimateAutomizerSvcomp2023/soft_float_1-1.c.cil.c_2.smt2,cvc5,1,80.40856936387718
BV/2017-Preiner-keymaera/intersection-example-simple.proof-node475811.smt2,Z3alpha,1,0.2682052000891417
BV/20170501-Heizmann-UltimateAutomizer/gcd_3_true-unreach-call_true-no-overflow.i_1105.smt2,cvc5,1,1137.6429515180644
BV/2017-Preiner-scholl-smt08/RND/RND_4_20.smt2,YicesQS,1,0.5924609950743616
BV/2017-Preiner-keymaera/intersection-example-onelane.proof-node43393.smt2,Z3alpha,1,1.413656695978716
BV/2017-Preiner-keymaera/intersection-example-simple.proof-node152045.smt2,Z3alpha,1,0.26982169691473246
BV/2017-Preiner-keymaera/dccs-example-node3897.smt2,YicesQS,1,1.313070376869291
BV/2017-Preiner-keymaera/intersection-example-simple.proof-node488227.smt2,Z3alpha,1,0.268709157127887
BV/2017-Preiner-keymaera/intersection-example-simple.proof-node348711.smt2,Z3alpha,1,0.268237282987684
BV/2020-Preiner-fmcad20/cons/check_cc_bvlshr_s_x_4.smt2,cvc5,1,0.36380353500135243
BV/20190429-UltimateAutomizerSvcomp2019/soft_float_4_true-unreach-call_true-no-overflow_true-termination.c.cil.c_0.smt2,YicesQS,1,0.27595389704219997
BV/2017-Preiner-keymaera/safety-lemma-node14050.smt2,Bitwuzla,1,1.9928114439826459
BV/2017-Preiner-keymaera/intersection-example-onelane.proof-node47513.smt2,Z3alpha,1,0.45624588895589113
BV/2017-Preiner-keymaera/intersection-example-onelane.proof-node54847.smt2,Z3alpha,1,0.3777383458800614
BV/2017-Preiner-keymaera/intersection-example-simple.proof-node682405.smt2,Z3alpha,1,0.2776756470557302
BV/2017-Preiner-keymaera/intersection-example-onelane.proof-node53901.smt2,Z3alpha,1,0.34685429092496634
BV/2017-Preiner-scholl-smt08/RND/RND_3_23.smt2,YicesQS,1,0.40725182509049773
BV/2018-Preiner-cav18/check_bvsge_bvashr0_4bit.smt2,cvc5,1,0.23338125087320805
BV/2017-Preiner-scholl-smt08/RND/RND_6_15.smt2,Z3alpha,0,6.341863411013037
BV/wintersteiger/fmsd13/fixpoint/small-pipeline-fixpoint-8.smt2,cvc5,1,0.5345695980358869
BV/20170501-Heizmann-UltimateAutomizer/jain_2_true-unreach-call_true-no-overflow.i_436.smt2,cvc5,1,0.7385876509360969
BV/2017-Preiner-scholl-smt08/RNDPRE/RNDPRE_3_17.smt2,YicesQS,1,0.26996358996257186
BV/2017-Preiner-keymaera/intersection-example-simple.proof-node672726.smt2,Z3alpha,1,0.2979798768647015
BV/2017-Preiner-UltimateAutomizer/nested9_true-unreach-call.i_1070.smt2,Z3alpha,1,0.2886954708956182
BV/2017-Preiner-scholl-smt08/RND/RND_6_23.smt2,Z3alpha,1,0.3255393239669502
BV/2017-Preiner-keymaera/intersection-example-simple.proof-node169818.smt2,Z3alpha,1,0.2745277259964496
BV/2017-Preiner-keymaera/intersection-example-simple.proof-node154163.smt2,Z3alpha,1,0.2974897129461169
BV/2017-Preiner-keymaera/intersection-example-simple.proof-node619055.smt2,Z3alpha,1,0.27048386889509857
BV/2017-Preiner-psyco/185.smt2,Z3alpha,1,0.35156296915374696
BV/2017-Preiner-psyco/123.smt2,Z3alpha,1,0.2983229460660368
BV/20230321-UltimateAutomizerSvcomp2023/jain_6-1.c_4.smt2,cvc5,1,5.870809571119025
BV/2017-Preiner-keymaera/intersection-example-simple.proof-node550504.smt2,Z3alpha,1,0.31179915904067457
BV/2017-Preiner-keymaera/intersection-example-simple.proof-node529901.smt2,Z3alpha,1,0.27012428385205567
BV/2017-Preiner-scholl-smt08/RNDPRE/RNDPRE_3_21.smt2,YicesQS,1,0.5620559558738023
BV/2018-Preiner-cav18/check_bvsgt_bvshl0_64bit.smt2,cvc5,1,23.3708765800111
BV/20170501-Heizmann-UltimateAutomizer/MultCommutative_true-unreach-call_true-no-overflow_true-termination.c_2674.smt2,cvc5,1,0.2326747348997742
BV/wintersteiger/fmsd13/fixpoint/cache-coherence-2-fixpoint-6.smt2,Bitwuzla,1,0.8708216990344226
BV/20230321-UltimateAutomizerSvcomp2023/jain_4-1.c_1.smt2,cvc5,1,3.601111534051597
BV/2020-Preiner-fmcad20/inv/check_ic_bvmul_x_s_64.smt2,cvc5,0,1201.7183563250583
BV/2017-Preiner-keymaera/intersection-example-simple.proof-node175109.smt2,Z3alpha,1,0.2732216489966959
BV/2018-Preiner-cav18/check_bvuge_bvconcat0_64_64bit.smt2,cvc5,1,0.28001919598318636
BV/2017-Preiner-keymaera/intersection-example-simple.proof-node476004.smt2,Z3alpha,1,0.2932986298110336
BV/2018-Preiner-cav18/check_bvsgt_bvand_32bit.smt2,cvc5,1,0.24818507209420204
BV/2017-Preiner-scholl-smt08/model/model_5_49.smt2,Z3alpha,1,0.30367849697358906
BV/2017-Preiner-psyco/050.smt2,Z3alpha,1,0.3694350200239569
BV/2017-Preiner-keymaera/ETCS-d-braking-node1346.smt2,YicesQS,1,0.2680691620334983
BV/2017-Preiner-psyco/027.smt2,Z3alpha,1,0.3521732029039413
BV/2017-Preiner-keymaera/intersection-example-simple.proof-node345732.smt2,Z3alpha,1,0.3252267991192639
BV/20170501-Heizmann-UltimateAutomizer/jain_7_true-unreach-call_true-no-overflow.i_306.smt2,cvc5,1,0.7373181991279125
BV/2017-Preiner-keymaera/intersection-example-onelane.proof-node5338.smt2,Z3alpha,1,0.5426076049916446
BV/2017-Preiner-scholl-smt08/RND/RND_3_20.smt2,YicesQS,1,0.2353965670336038
BV/2017-Preiner-scholl-smt08/RNDPRE/RNDPRE_4_54.smt2,YicesQS,1,2.1393705401569605
BV/2018-Preiner-cav18/check_ne_bvurem0_32bit.smt2,cvc5,1,4.534170967992395
BV/2017-Preiner-keymaera/intersection-example-simple.proof-node389810.smt2,Z3alpha,1,0.26591218588873744
BV/2018-Preiner-cav18/check_bvslt_bvshl1_64bit.smt2,cvc5,1,0.5672310029622167
BV/2017-Preiner-keymaera/intersection-example-simple.proof-node361630.smt2,Z3alpha,1,0.26702772290445864
BV/20190429-UltimateAutomizerSvcomp2019/float_req_bl_0730b_true-unreach-call.c_38.smt2,YicesQS,1,0.27522083604708314
BV/2017-Preiner-psyco/126.smt2,Z3alpha,1,0.3687594789080322
BV/2017-Preiner-scholl-smt08/RNDPRE/RNDPRE_4_31.smt2,YicesQS,0,1201.7206245639827
BV/2017-Preiner-keymaera/intersection-example-simple.proof-node369871.smt2,Z3alpha,1,0.282030237140134
BV/20210330-PEak/no-extern-loop_unsat_subset/medium.smt2,Z3alpha,1,0.5519331679679453
BV/2017-Preiner-psyco/190.smt2,Z3alpha,1,0.30294681899249554
BV/2020-Preiner-fmcad20/inv/check_ic_bvashr_x_s_4.smt2,Bitwuzla,1,0.23335122596472502
BV/2017-Preiner-keymaera/intersection-example-simple.proof-node288026.smt2,Z3alpha,1,0.26981808012351394
BV/wintersteiger/fmsd13/fixpoint/ethernet-fixpoint-4.smt2,Bitwuzla,1,0.7452883950900286
BV/2017-Preiner-scholl-smt08/RND/RND_4_23.smt2,YicesQS,1,0.35637119389139116
BV/2017-Preiner-scholl-smt08/RNDPRE/RNDPRE_4_52.smt2,YicesQS,1,700.6041825329885
BV/2017-Preiner-scholl-smt08/RNDPRE/RNDPRE_4_53.smt2,YicesQS,1,736.5091933759395
BV/2017-Preiner-scholl-smt08/model/model_5_1.smt2,Z3alpha,1,0.2856490141712129
BV/2017-Preiner-psyco/182.smt2,Z3alpha,1,6.318196523934603
BV/2017-Preiner-UltimateAutomizer/nested9_true-unreach-call.i_473.smt2,Z3alpha,1,0.30187519104219973
BV/2017-Preiner-keymaera/intersection-example-simple.proof-node267053.smt2,Z3alpha,1,0.27602065494284034
BV/2017-Preiner-scholl-smt08/model/model_6_38.smt2,Z3alpha,1,0.2760900210123509
BV/2020-Preiner-fmcad20/inv/check_ic_sext_3_64.smt2,Bitwuzla,1,0.22878133016638458
BV/2017-Preiner-keymaera/intersection-example-simple.proof-node674647.smt2,Z3alpha,1,0.28244196297600865
BV/2017-Preiner-scholl-smt08/RNDPRE/RNDPRE_4_59.smt2,YicesQS,1,114.21794402506202
BV/2020-Preiner-fmcad20/cons/check_cc_bvslt_x_s_32.smt2,cvc5,1,80.3192156329751
BV/2020-Preiner-fmcad20/cons/check_cc_bvuge_s_x_64.smt2,Bitwuzla,1,0.21628176281228662
BV/20170501-Heizmann-UltimateAutomizer/jain_1_true-unreach-call_true-no-overflow.i_409.smt2,cvc5,1,0.30527109396643937
BV/2020-Preiner-fmcad20/cons/check_cc_bvult_x_s_32.smt2,cvc5,1,80.39838004414923
BV/20170501-Heizmann-UltimateAutomizer/jain_2_true-unreach-call_true-no-overflow.i_464.smt2,cvc5,1,1.2236942579038441
BV/wintersteiger/fmsd13/fixpoint/ethernet-fixpoint-3.smt2,Bitwuzla,1,0.6458626568783075
BV/20170501-Heizmann-UltimateAutomizer/jain_1_true-unreach-call_true-no-overflow.i_435.smt2,cvc5,1,0.2580472310073674
BV/2017-Preiner-scholl-smt08/RNDPRE/RNDPRE_3_16.smt2,YicesQS,1,0.34168057003989816
BV/2020-Preiner-fmcad20/cons/check_cc_bvand_x_s_32.smt2,cvc5,1,80.28599766013213
BV/20170501-Heizmann-UltimateAutomizer/jain_4_true-unreach-call_true-no-overflow.i_230.smt2,cvc5,1,4.5781334231141955
BV/2018-Preiner-cav18/check_eq_bvurem1_64bit.smt2,YicesQS,0,1201.7310546191875
BV/20210330-PEak/no-extern-loop_sat_subset/medium0.smt2,Z3alpha,0,0.5021974549163133
BV/2017-Preiner-keymaera/intersection-example-simple.proof-node269426.smt2,Z3alpha,1,0.29261128697544336
BV/2017-Preiner-keymaera/intersection-example-simple.proof-node384248.smt2,Z3alpha,1,0.27076167799532413
BV/2020-Preiner-fmcad20/inv/check_ic_bvult_s_x_32.smt2,Bitwuzla,1,0.22420676285400987
BV/llvm13-smtlib/01.smt2,Bitwuzla,1,0.249116662889719
BV/2017-Preiner-keymaera/intersection-example-simple.proof-node361987.smt2,Z3alpha,1,0.30189224891364574
BV/2017-Preiner-keymaera/intersection-example-onelane.proof-node48996.smt2,Z3alpha,1,0.3984024610836059
BV/2017-Preiner-keymaera/intersection-example-simple.proof-node254296.smt2,Z3alpha,1,0.26892304606735706
BV/2017-Preiner-keymaera/intersection-example-simple.proof-node603757.smt2,Z3alpha,1,0.27166574401780963
BV/2017-Preiner-psyco/073.smt2,Z3alpha,1,0.3064882210455835
BV/2017-Preiner-scholl-smt08/RNDPRE/RNDPRE_4_37.smt2,YicesQS,1,0.26834479393437505
BV/2017-Preiner-scholl-smt08/model/model_5_22.smt2,Z3alpha,1,0.3185245920903981
BV/20210301-Alive2-partial-undef/ph7/626_ph7.smt2,Bitwuzla,1,0.24285626993514597
BV/2017-Preiner-keymaera/intersection-example-onelane.proof-node12517.smt2,Z3alpha,1,2.7853729089256376
BV/2017-Preiner-psyco/075.smt2,Z3alpha,1,0.33854333288036287
BV/2017-Preiner-keymaera/intersection-example-simple.proof-node197075.smt2,Z3alpha,1,0.29376095603220165
BV/2018-Preiner-cav18/check_bvuge_bvshl1_64bit.smt2,cvc5,1,2.159244148992002
BV/2017-Preiner-keymaera/intersection-example-simple.proof-node620306.smt2,Z3alpha,1,0.2705915339756757
BV/2017-Preiner-scholl-smt08/RNDPRE/RNDPRE_3_4.smt2,YicesQS,1,0.22723138704895973
BV/wintersteiger/fmsd13/fixpoint/small-equiv-fixpoint-10.smt2,cvc5,1,0.22845981502905488
BV/2018-Preiner-cav18/check_bvsle_bvurem1_32bit.smt2,cvc5,1,2.7189980389084667
BV/2020-Preiner-fmcad20/cons/check_cc_udiv_s_x_32.smt2,cvc5,0,1201.7231787669007
BV/2017-Preiner-UltimateAutomizer/Primes_true-unreach-call.c_187.smt2,Z3alpha,1,0.3418806588742882
BV/2017-Preiner-scholl-smt08/RNDPRE/RNDPRE_3_46.smt2,YicesQS,1,707.3333190178964
BV/2017-Preiner-psyco/055.smt2,Z3alpha,1,0.4204221370164305
BV/2017-Preiner-keymaera/intersection-example-simple.proof-node631164.smt2,Z3alpha,1,0.2724536538589746
BV/20190429-UltimateAutomizerSvcomp2019/jain_2_true-unreach-call_true-no-overflow_false-termination.i_11.smt2,YicesQS,1,0.24100922397337854
BV/2017-Preiner-scholl-smt08/model/model_6_52.smt2,Z3alpha,1,0.3207119069993496
BV/2020-Preiner-fmcad20/inv/check_ic_bvult_s_x_4.smt2,Bitwuzla,1,0.23302349890582263
BV/2017-Preiner-scholl-smt08/model/model_6_21.smt2,Z3alpha,1,0.27768956404179335
BV/wintersteiger/fmsd13/fixpoint/cache-coherence-3-fixpoint-3.smt2,cvc5,1,1.4572943898383528
BV/2017-Preiner-scholl-smt08/RND/RND_3_12.smt2,Z3alpha,1,0.37271832302212715
BV/2017-Preiner-keymaera/intersection-example-simple.proof-node287144.smt2,Z3alpha,1,0.2816183320246637
BV/2017-Preiner-keymaera/intersection-example-simple.proof-node192767.smt2,Z3alpha,1,0.26853787805885077
BV/2017-Preiner-scholl-smt08/RND/RND_4_4.smt2,YicesQS,1,0.2902846790384501
BV/2017-Preiner-scholl-smt08/RNDPRE/RNDPRE_3_26.smt2,YicesQS,1,0.23398602195084095
BV/2017-Preiner-scholl-smt08/model/model_6_60.smt2,Z3alpha,1,0.2945545359980315
BV/wintersteiger/fmsd13/fixpoint/usb-phy-fixpoint-4.smt2,cvc5,1,1.4378664391115308
BV/2017-Preiner-keymaera/intersection-example-onelane.proof-node6814.smt2,Z3alpha,1,0.2941948960069567
BV/wintersteiger/fmsd13/fixpoint/itc-b13-fixpoint-9.smt2,cvc5,1,0.5417061389889568
BV/2017-Preiner-keymaera/intersection-example-simple.proof-node290002.smt2,Z3alpha,1,0.26814477192237973
BV/2017-Preiner-keymaera/vsl.proof-node2761.smt2,YicesQS,1,6.499032689025626
BV/2017-Preiner-keymaera/intersection-example-simple.proof-node535359.smt2,Z3alpha,1,0.2670697560533881
BV/20230321-UltimateAutomizerSvcomp2023/jain_7-1.c_5.smt2,cvc5,1,2.1094677650835365
BV/2017-Preiner-keymaera/intersection-example-onelane.proof-node4261.smt2,Z3alpha,1,0.852585124084726
BV/2017-Preiner-keymaera/intersection-example-simple.proof-node561079.smt2,Z3alpha,1,0.29827043996192515
BV/2017-Preiner-keymaera/intersection-example-simple.proof-node195048.smt2,Z3alpha,1,0.27066176384687424
BV/2017-Preiner-keymaera/intersection-example-simple.proof-node603232.smt2,Z3alpha,1,0.3037203720305115
BV/2017-Preiner-scholl-smt08/RNDPRE/RNDPRE_3_9.smt2,YicesQS,1,0.2812604981008917
BV/2017-Preiner-keymaera/intersection-example-simple.proof-node673414.smt2,Z3alpha,1,0.2959519559517503
BV/2017-Preiner-keymaera/intersection-example-simple.proof-node252045.smt2,Z3alpha,1,0.26700938888825476
BV/2017-Preiner-scholl-smt08/RNDPRE/RNDPRE_3_33.smt2,YicesQS,1,0.26363346283324063
BV/2020-Preiner-fmcad20/inv/check_ic_bvadd_x_s_32.smt2,cvc5,1,0.2214147311169654
BV/2020-Preiner-fmcad20/inv/check_ic_bvsge_s_x_32.smt2,Bitwuzla,1,0.2213459659833461
BV/2017-Preiner-keymaera/intersection-example-simple.proof-node197946.smt2,Z3alpha,1,0.2989100969862193
BV/2017-Preiner-scholl-smt08/RND/RND_6_29.smt2,Z3alpha,0,32.305968519998714
BV/2017-Preiner-keymaera/intersection-example-simple.proof-node269538.smt2,Z3alpha,1,0.2934218992013484
BV/2017-Preiner-keymaera/bouncing-ball-simple-node5964.smt2,YicesQS,1,0.3588285939767957
BV/20170501-Heizmann-UltimateAutomizer/gcd_2_true-unreach-call_true-no-overflow.i_921.smt2,cvc5,1,161.31708667101339
BV/2017-Preiner-keymaera/intersection-example-simple.proof-node345166.smt2,Z3alpha,1,0.2755818439181894
BV/2017-Preiner-scholl-smt08/RND/RND_4_14.smt2,Bitwuzla,1,5.098653837107122
BV/2018-Preiner-cav18/check_bvsgt_bvmul_64bit.smt2,YicesQS,1,0.4394926510285586
BV/2017-Preiner-scholl-smt08/model/model_6_53.smt2,Z3alpha,1,0.2742655919864774
BV/2017-Preiner-keymaera/intersection-example-simple.proof-node271799.smt2,Z3alpha,1,0.26854250696487725
BV/2017-Preiner-scholl-smt08/RNDPRE/RNDPRE_4_9.smt2,YicesQS,1,700.7844262251165
BV/2017-Preiner-keymaera/intersection-example-simple.proof-node250172.smt2,Z3alpha,1,0.2680464161094278
BV/2017-Preiner-keymaera/intersection-example-simple.proof-node287256.smt2,Z3alpha,1,0.28984013106673956
BV/2017-Preiner-UltimateAutomizer/nested9_true-unreach-call.i_1770.smt2,Z3alpha,1,0.31179474387317896
BV/2018-Preiner-cav18/check_bvsgt_bvurem1_4bit.smt2,cvc5,1,0.23514075111597776
BV/2017-Preiner-scholl-smt08/RNDPRE/RNDPRE_4_57.smt2,YicesQS,1,711.9621766950004
BV/2018-Preiner-cav18/check_bvsle_bvmul_32bit.smt2,cvc5,1,0.4241772638633847
BV/2017-Preiner-keymaera/intersection-example-onelane.proof-node45106.smt2,Z3alpha,1,0.5230068918317556
BV/20210330-PEak/extern-loop_sat_subset/medium2.smt2,Z3alpha,0,0.5005801441147923
BV/wintersteiger/fmsd13/ranking/audio_ddksynth_csynth2.cpp.smt2,Bitwuzla,1,0.22966855601407588
BV/2017-Preiner-keymaera/intersection-example-simple.proof-node389601.smt2,Z3alpha,1,0.2691646101884544
BV/2017-Preiner-keymaera/intersection-example-simple.proof-node252371.smt2,Z3alpha,1,0.268801128026098
BV/20210330-PEak/no-extern-loop_sat_subset/medium1.smt2,Z3alpha,0,0.5028054199647158
BV/2017-Preiner-keymaera/intersection-example-simple.proof-node387850.smt2,Z3alpha,1,0.319928967859596
BV/2017-Preiner-keymaera/intersection-example-simple.proof-node368427.smt2,Z3alpha,1,0.27152265422046185
BV/2017-Preiner-keymaera/intersection-example-simple.proof-node363688.smt2,Z3alpha,1,0.3018267808947712
BV/20230321-UltimateAutomizerSvcomp2023/soft_float_1-2.c.cil.c_6.smt2,cvc5,1,80.36907978099771
BV/2017-Preiner-keymaera/intersection-example-simple.proof-node195519.smt2,Z3alpha,1,0.2714764701668173
BV/wintersteiger/fmsd13/ranking/network_ndis_rtlnwifi_hw_hw_ccmp.c.smt2,Bitwuzla,1,0.26128246588632464
BV/20170501-Heizmann-UltimateAutomizer/jain_2_true-unreach-call_true-no-overflow.i_469.smt2,cvc5,1,2.181570434011519
BV/2020-Preiner-fmcad20/inv/check_ic_bvlshr_s_x_4.smt2,Bitwuzla,1,0.2210486070252955
BV/2017-Preiner-psyco/174.smt2,Z3alpha,1,0.581670582992956
BV/2017-Preiner-keymaera/intersection-example-simple.proof-node291616.smt2,Z3alpha,1,0.29110177303664386
BV/2017-Preiner-keymaera/intersection-example-onelane.proof-node11162.smt2,Z3alpha,1,1.2421056360471994
BV/20170501-Heizmann-UltimateAutomizer/jain_7_true-unreach-call_true-no-overflow.i_61.smt2,cvc5,1,1.668283523991704
BV/2017-Preiner-keymaera/intersection-example-simple.proof-node171462.smt2,Z3alpha,1,0.2707627951167524
BV/2018-Preiner-cav18/check_bvuge_bvurem0_32bit.smt2,Bitwuzla,1,117.89977149595506
BV/2017-Preiner-keymaera/intersection-example-onelane.proof-node23307.smt2,Z3alpha,1,0.36108238296583295
BV/2018-Preiner-cav18/check_bvslt_bvurem0_4bit.smt2,Bitwuzla,1,0.22538586799055338
BV/wintersteiger/fmsd13/fixpoint/small-equiv-fixpoint-7.smt2,cvc5,1,0.22784881782718003
BV/wintersteiger/fmsd13/fixpoint/itc-b13-fixpoint-6.smt2,cvc5,1,0.35270351404324174
BV/20230321-UltimateAutomizerSvcomp2023/btor2c-eagerMod.bakery.1.prop1-func-interl.c_2.smt2,cvc5,1,0.3167191408574581
BV/2017-Preiner-scholl-smt08/RND/RND_3_28.smt2,Z3alpha,1,0.28801916004158556
BV/2017-Preiner-keymaera/bouncing-ball-simple-node5586.smt2,YicesQS,1,0.2570270481519401
BV/2017-Preiner-scholl-smt08/RNDPRE/RNDPRE_3_2.smt2,YicesQS,1,700.980974733131
BV/2017-Preiner-scholl-smt08/model/model_6_51.smt2,Z3alpha,1,0.3010299759916961
BV/wintersteiger/fmsd13/fixpoint/small-pipeline-fixpoint-6.smt2,cvc5,1,0.414364238968119
BV/2018-Preiner-cav18/check_bvsgt_bvconcat1_34_32bit.smt2,cvc5,1,0.23075259919278324
BV/20210301-Alive2-partial-undef/sqlite3/773_sqlite3.smt2,Bitwuzla,1,0.23408188484609127
BV/wintersteiger/fmsd13/fixpoint/AR-fixpoint-10.smt2,cvc5,1,0.248241628985852
BV/2017-Preiner-keymaera/intersection-example-simple.proof-node704546.smt2,Z3alpha,1,0.2708101850003004
BV/2017-Preiner-keymaera/intersection-example-onelane.proof-node19598.smt2,Z3alpha,1,0.47805275581777096
BV/2017-Preiner-psyco/056.smt2,Z3alpha,1,0.41836063703522086
BV/2017-Preiner-scholl-smt08/model/model_5_38.smt2,Z3alpha,1,0.2894104940351099
BV/wintersteiger/fmsd13/ranking/audio_ac97_common.cpp.smt2,Bitwuzla,1,0.24814749602228403
BV/2018-Preiner-cav18/check_bvsgt_bvlshr0_4bit.smt2,cvc5,1,0.22381138778291643
BV/llvm13-smtlib/07.smt2,Bitwuzla,1,10.700234638061374
BV/2017-Preiner-keymaera/intersection-example-simple.proof-node490353.smt2,Z3alpha,1,0.2704581569414586
BV/2017-Preiner-scholl-smt08/model/model_6_28.smt2,Z3alpha,1,0.2740142659749836
BV/2018-Preiner-cav18/check_ne_bvudiv1_64bit.smt2,cvc5,1,0.8858566440176219
BV/20230321-UltimateAutomizerSvcomp2023/jain_7-1.c_9.smt2,cvc5,1,3.02982703410089
BV/2017-Preiner-scholl-smt08/RND/RND_4_12.smt2,Z3alpha,1,0.7398175981361419
BV/2017-Preiner-psyco/081.smt2,Z3alpha,1,0.4428946920670569
BV/2017-Preiner-scholl-smt08/model/model_5_42.smt2,Z3alpha,1,0.28201036201789975
BV/2017-Preiner-keymaera/intersection-example-simple.proof-node287914.smt2,Z3alpha,1,0.2975062190089375
BV/2017-Preiner-keymaera/binary_driver-2007-10-09-node12552.smt2,YicesQS,1,0.27868204400874674
BV/20190429-UltimateAutomizerSvcomp2019/float_req_bl_0730b_true-unreach-call.c_31.smt2,YicesQS,1,0.2255826999899
BV/2017-Preiner-scholl-smt08/RNDPRE/RNDPRE_4_62.smt2,YicesQS,1,412.66467537288554
BV/20170501-Heizmann-UltimateAutomizer/jain_2_true-unreach-call_true-no-overflow.i_223.smt2,cvc5,1,0.6227036919444799
BV/20170501-Heizmann-UltimateAutomizer/jain_4_true-unreach-call_true-no-overflow.i_200.smt2,cvc5,1,2.284555409103632
BV/2017-Preiner-psyco/006.smt2,Z3alpha,1,0.39996152999810874
BV/2017-Preiner-keymaera/intersection-example-onelane.proof-node53911.smt2,Z3alpha,1,0.3281609050463885
BV/2017-Preiner-keymaera/intersection-example-onelane.proof-node31555.smt2,Z3alpha,1,1.627161858836189
BV/2017-Preiner-scholl-smt08/RNDPRE/RNDPRE_3_53.smt2,YicesQS,1,0.4572063069790602
BV/2017-Preiner-keymaera/intersection-example-simple.proof-node534610.smt2,Z3alpha,1,0.268951651873067
BV/2017-Preiner-keymaera/intersection-example-simple.proof-node559428.smt2,Z3alpha,1,0.3200216090772301
BV/2017-Preiner-keymaera/vsl.proof-node1377.smt2,YicesQS,1,6.9868465980980545
BV/2017-Preiner-keymaera/safety-lemma-node10952.smt2,Bitwuzla,1,1.9555488110054284
BV/20230321-UltimateAutomizerSvcomp2023/jain_6-1.c_2.smt2,cvc5,1,6.751776752062142
BV/2017-Preiner-keymaera/intersection-example-simple.proof-node548891.smt2,Z3alpha,1,0.2691337647847831
BV/2017-Preiner-keymaera/ETCS-essentials-node3023.smt2,YicesQS,1,0.28886952018365264
BV/2017-Preiner-keymaera/intersection-example-simple.proof-node290206.smt2,Z3alpha,1,0.28223810717463493
BV/2017-Preiner-psyco/008.smt2,Z3alpha,1,0.46001732000149786
BV/20170501-Heizmann-UltimateAutomizer/jain_6_true-unreach-call_true-no-overflow.i_459.smt2,cvc5,1,2.7013294538483024
BV/20170501-Heizmann-UltimateAutomizer/verisec_sendmail__tTflag_arr_one_loop_false-unreach-call.i_1353.smt2,cvc5,1,0.5442170291207731
BV/2017-Preiner-keymaera/intersection-example-simple.proof-node369234.smt2,Z3alpha,1,0.26928976410999894
BV/2018-Preiner-cav18/check_bvult_bvudiv0_64bit.smt2,cvc5,1,1.9432670841924846
BV/2018-Preiner-cav18/check_eq_bvlshr0_64bit.smt2,cvc5,1,1.1720766259822994
BV/2018-Preiner-cav18/check_bvugt_bvashr1_64bit.smt2,Bitwuzla,1,0.2902797788847238
BV/2017-Preiner-scholl-smt08/model/model_6_5.smt2,Z3alpha,1,0.3008967130444944
BV/2017-Preiner-scholl-smt08/RNDPRE/RNDPRE_3_34.smt2,YicesQS,1,0.37199562485329807
BV/2017-Preiner-scholl-smt08/model/model_5_25.smt2,Z3alpha,1,0.2731023449450731
BV/2017-Preiner-scholl-smt08/RND/RND_6_27.smt2,cvc5,1,12.868323121918365
BV/20170501-Heizmann-UltimateAutomizer/jain_4_true-unreach-call_true-no-overflow.i_266.smt2,cvc5,1,0.6680870000272989
BV/2017-Preiner-scholl-smt08/RNDPRE/RNDPRE_3_5.smt2,YicesQS,1,0.26258217194117606
BV/2020-Preiner-fmcad20/cons/check_cc_bvshl_x_s_64.smt2,Bitwuzla,0,1201.2930296778213
BV/2018-Preiner-cav18/check_bvsge_bvurem1_32bit.smt2,cvc5,1,6.717828233027831
BV/2017-Preiner-scholl-smt08/RND/RND_6_14.smt2,Z3alpha,1,83.95339742302895
BV/2017-Preiner-psyco/078.smt2,Z3alpha,1,0.583791617071256
BV/2018-Preiner-cav18/check_bvsgt_bvlshr1_32bit.smt2,cvc5,1,0.268249531975016
BV/2018-Preiner-cav18/check_bvuge_bvlshr1_64bit.smt2,cvc5,1,0.3910879921168089
BV/2017-Preiner-psyco/040.smt2,Z3alpha,1,1.2438144921325147
BV/2017-Preiner-psyco/125.smt2,Z3alpha,1,0.32918042805977166
BV/2017-Preiner-keymaera/intersection-example-onelane.proof-node45116.smt2,Z3alpha,1,0.5958558889105916
BV/20230321-UltimateAutomizerSvcomp2023/jain_4-1.c_7.smt2,cvc5,1,8.040528615005314
BV/2017-Preiner-scholl-smt08/RNDPRE/RNDPRE_3_54.smt2,YicesQS,1,0.4415093529969454
BV/20170501-Heizmann-UltimateAutomizer/MultCommutative_true-unreach-call_true-no-overflow_true-termination.c_3226.smt2,cvc5,1,0.22980329208076
BV/2017-Preiner-keymaera/intersection-example-simple.proof-node174126.smt2,Z3alpha,1,0.2685732131358236
BV/2017-Preiner-psyco/150.smt2,Z3alpha,1,0.2842085720039904
BV/2017-Preiner-keymaera/intersection-example-onelane.proof-node5607.smt2,Z3alpha,1,1.9506317318882793
BV/20230321-UltimateAutomizerSvcomp2023/sum.i_0.smt2,cvc5,1,0.2518531389068812
BV/20230321-UltimateAutomizerSvcomp2023/btor2c-lazyMod.protocols.1.prop1-func-interl.c_0.smt2,cvc5,1,0.4330805391073227
BV/2020-Preiner-fmcad20/inv/check_ic_bvlshr_x_s_32.smt2,Bitwuzla,1,0.565463072154671
BV/2018-Preiner-cav18/check_bvugt_bvudiv1_32bit.smt2,Bitwuzla,1,0.2893331968225539
BV/2017-Preiner-keymaera/ETCS-essentials-live2.proof-node640.smt2,Bitwuzla,1,0.2983378891367465
BV/2017-Preiner-psyco/083.smt2,Z3alpha,1,0.6242584409192204
BV/2017-Preiner-scholl-smt08/model/model_6_22.smt2,Z3alpha,1,0.2739808480255306
BV/2017-Preiner-keymaera/intersection-example-onelane.proof-node12481.smt2,Z3alpha,1,0.6786564101930708
BV/2017-Preiner-keymaera/intersection-example-simple.proof-node271104.smt2,Z3alpha,1,0.2732680190820247
BV/2017-Preiner-psyco/148.smt2,Z3alpha,1,0.29593486012890935
BV/20190429-UltimateAutomizerSvcomp2019/soft_float_4_true-unreach-call_true-no-overflow_true-termination.c.cil.c_8.smt2,YicesQS,1,0.2486417880281806
BV/2017-Preiner-scholl-smt08/RND/RND_3_1.smt2,Z3alpha,1,0.32308584079146385
BV/20230321-UltimateAutomizerSvcomp2023/jain_6-1.c_1.smt2,cvc5,1,5.415038424078375
BV/wintersteiger/fmsd13/ranking/audio_sysfx_swap.cpp.smt2,Bitwuzla,1,2.4464492339175195
BV/2018-Preiner-cav18/check_bvugt_bvshl1_64bit.smt2,cvc5,1,2.3536016358993948
BV/20170501-Heizmann-UltimateAutomizer/sum02_false-unreach-call_true-no-overflow.c_415.smt2,cvc5,1,240.32571885501966
BV/2017-Preiner-keymaera/intersection-example-simple.proof-node480617.smt2,Z3alpha,1,0.26766200992278755
BV/2017-Preiner-keymaera/intersection-example-simple.proof-node694990.smt2,Z3alpha,1,0.267667172010988
BV/2017-Preiner-keymaera/binary_driver-2007-10-09-node10279.smt2,YicesQS,1,0.35621955106034875
BV/2018-Preiner-cav18/check_bvsle_bvashr0_32bit.smt2,Bitwuzla,1,0.24189684796147048
BV/2017-Preiner-keymaera/intersection-example-simple.proof-node672976.smt2,Z3alpha,1,0.27216918813064694
BV/wintersteiger/fmsd13/ranking/kmdf_osrusbfx2_exe_testapp.c.smt2,Bitwuzla,1,0.30950533505529165
BV/2017-Preiner-keymaera/intersection-example-simple.proof-node369000.smt2,Z3alpha,1,0.2676703240722418
BV/2017-Preiner-keymaera/intersection-example-simple.proof-node289202.smt2,Z3alpha,1,0.2895766890142113
BV/2017-Preiner-keymaera/intersection-example-simple.proof-node156170.smt2,Z3alpha,1,0.27160411700606346
BV/2017-Preiner-scholl-smt08/RNDPRE/RNDPRE_4_40.smt2,YicesQS,0,1201.7226342658978
BV/2017-Preiner-keymaera/binary_driver-2007-10-09-node8746.smt2,YicesQS,1,0.2944460411090404
BV/2017-Preiner-keymaera/to_left-node1505.smt2,YicesQS,1,0.2937500779516995
BV/2018-Preiner-cav18/check_eq_bvudiv0_64bit.smt2,cvc5,0,1201.7266202410683
BV/20230321-UltimateAutomizerSvcomp2023/btor2c-eagerMod.bakery.1.prop1-func-interl.c_4.smt2,cvc5,1,0.3176113630179316
BV/wintersteiger/fmsd13/ranking/filesys_filter_namelookup.c.smt2,Bitwuzla,1,2.4249664060771465
BV/2017-Preiner-keymaera/intersection-example-simple.proof-node709258.smt2,Z3alpha,1,0.2866374070290476
BV/2017-Preiner-scholl-smt08/RND/RND_3_18.smt2,YicesQS,1,0.29271356691606343
BV/2017-Preiner-scholl-smt08/model/model_6_58.smt2,Z3alpha,1,0.2724515579175204
BV/2020-Preiner-fmcad20/inv/check_ic_sext_4_32.smt2,Bitwuzla,1,0.23491843394003808
BV/2017-Preiner-keymaera/intersection-example-simple.proof-node348040.smt2,Z3alpha,1,0.29253980005159974
BV/20190429-UltimateAutomizerSvcomp2019/jain_6_true-unreach-call_true-no-overflow_false-termination.i_2.smt2,YicesQS,1,0.29071653517894447
BV/2017-Preiner-keymaera/intersection-example-simple.proof-node151408.smt2,Z3alpha,1,0.2942258429247886
BV/2017-Preiner-tptp/NUM917=1.smt2,Z3alpha,1,0.27157225413247943
BV/2017-Preiner-keymaera/intersection-example-onelane.proof-node39751.smt2,Z3alpha,1,2.2941991700790823
BV/2018-Preiner-cav18/check_bvsge_bvudiv0_32bit.smt2,Bitwuzla,1,689.6218615779653
BV/2017-Preiner-keymaera/intersection-example-simple.proof-node551337.smt2,Z3alpha,1,0.26711681694723666
BV/2020-Preiner-fmcad20/inv/check_ic_bvsge_x_s_32.smt2,Bitwuzla,1,0.25960811390541494
BV/2017-Preiner-scholl-smt08/RND/RND_3_24.smt2,Z3alpha,1,87.9277072919067
BV/2017-Preiner-keymaera/intersection-example-simple.proof-node264965.smt2,Z3alpha,1,0.26887682313099504
BV/2017-Preiner-keymaera/intersection-example-onelane.proof-node46589.smt2,Z3alpha,1,0.43022631108760834
BV/20190429-UltimateAutomizerSvcomp2019/jain_6_true-unreach-call_true-no-overflow_false-termination.i_16.smt2,YicesQS,1,0.28767089592292905
BV/2017-Preiner-scholl-smt08/RND/RND_4_2.smt2,Z3alpha,1,0.27212436799891293
BV/2017-Preiner-keymaera/intersection-example-simple.proof-node292166.smt2,Z3alpha,1,0.29672729689627886
BV/2017-Preiner-keymaera/intersection-example-simple.proof-node532347.smt2,Z3alpha,1,0.2817311040125787
BV/2017-Preiner-keymaera/intersection-example-simple.proof-node388939.smt2,Z3alpha,1,0.29257073486223817
BV/2017-Preiner-scholl-smt08/RNDPRE/RNDPRE_3_35.smt2,YicesQS,1,0.26702117803506553
BV/2017-Preiner-scholl-smt08/model/model_5_7.smt2,YicesQS,1,0.2266291759442538
BV/2017-Preiner-keymaera/intersection-example-simple.proof-node174997.smt2,Z3alpha,1,0.2684622691012919
BV/2020-Preiner-fmcad20/inv/check_ic_bvurem_s_x_32.smt2,cvc5,0,1201.7226211810485
BV/2017-Preiner-scholl-smt08/RNDPRE/RNDPRE_4_30.smt2,YicesQS,1,2.564020928926766
BV/2017-Preiner-scholl-smt08/model/model_6_67.smt2,Z3alpha,1,0.29976348811760545
BV/20170501-Heizmann-UltimateAutomizer/jain_6_true-unreach-call_true-no-overflow.i_340.smt2,cvc5,1,1.4066292131319642
BV/2017-Preiner-keymaera/intersection-example-simple.proof-node192976.smt2,Z3alpha,1,0.29404157493263483
BV/2017-Preiner-keymaera/intersection-example-simple.proof-node174885.smt2,Z3alpha,1,0.26871758815832436
BV/2017-Preiner-scholl-smt08/RND/RND_6_8.smt2,cvc5,1,167.22345897508785
BV/2018-Preiner-cav18/check_bvult_bvadd_64bit.smt2,cvc5,1,0.25638719997368753
BV/2017-Preiner-keymaera/intersection-example-onelane.proof-node24127.smt2,Z3alpha,1,0.42779482901096344
BV/2018-Preiner-cav18/check_bvugt_bvashr0_4bit.smt2,Bitwuzla,1,0.21872521587647498
BV/20230321-UltimateAutomizerSvcomp2023/soft_float_4-1.c.cil.c_9.smt2,cvc5,1,80.36581631097943
BV/2017-Preiner-psyco/015.smt2,Z3alpha,1,0.3105742528568953
BV/2017-Preiner-keymaera/intersection-example-simple.proof-node531822.smt2,Z3alpha,1,0.29579392191953957
BV/2017-Preiner-keymaera/intersection-example-onelane.proof-node1479.smt2,Z3alpha,1,0.3056156178936362
BV/2017-Preiner-keymaera/intersection-example-simple.proof-node93152.smt2,Z3alpha,1,0.2678916889708489
BV/2017-Preiner-keymaera/intersection-example-simple.proof-node345482.smt2,Z3alpha,1,0.2677041538991034
BV/2017-Preiner-keymaera/intersection-example-simple.proof-node166868.smt2,Z3alpha,1,0.2693160001654178
BV/2020-Preiner-fmcad20/inv/check_ic_sext_4_4.smt2,Bitwuzla,1,0.2505899721290916
BV/20190429-UltimateAutomizerSvcomp2019/jain_7_true-unreach-call_true-no-overflow_false-termination.i_19.smt2,YicesQS,1,0.23073494504205883
BV/20190429-UltimateAutomizerSvcomp2019/jain_6_true-unreach-call_true-no-overflow_false-termination.i_6.smt2,YicesQS,1,0.24742844188585877
BV/2017-Preiner-keymaera/intersection-example-simple.proof-node490015.smt2,Z3alpha,1,0.2697516030166298
BV/2017-Preiner-scholl-smt08/RND/RND_4_11.smt2,Z3alpha,1,0.7870335101615638
BV/20230321-UltimateAutomizerSvcomp2023/jain_7-1.c_0.smt2,cvc5,1,3.1384364410769194
BV/2017-Preiner-keymaera/intersection-example-simple.proof-node605258.smt2,Z3alpha,1,0.26914798002690077
BV/2017-Preiner-keymaera/intersection-example-simple.proof-node717892.smt2,Z3alpha,1,0.26983190095052123
BV/20170501-Heizmann-UltimateAutomizer/jain_6_true-unreach-call_true-no-overflow.i_58.smt2,cvc5,1,2.489260914037004
BV/2017-Preiner-keymaera/intersection-example-simple.proof-node622752.smt2,Z3alpha,1,0.26811206992715597
BV/2017-Preiner-keymaera/intersection-example-simple.proof-node254500.smt2,Z3alpha,1,0.28421211685054004
BV/2017-Preiner-keymaera/intersection-example-simple.proof-node191763.smt2,Z3alpha,1,0.26748251589015126
BV/2020-Preiner-fmcad20/cons/check_cc_concat_x_s_32.smt2,Bitwuzla,1,0.22103123483248055
BV/2020-Preiner-fmcad20/inv/check_ic_concat_s_x_32.smt2,Bitwuzla,1,0.22452828683890402
BV/2017-Preiner-keymaera/intersection-example-onelane.proof-node18278.smt2,Z3alpha,1,0.7669442971237004
BV/2017-Preiner-keymaera/rbc-controllability-characterisation-node3299.smt2,YicesQS,1,0.23851996008306742
BV/wintersteiger/fmsd13/fixpoint/AR-fixpoint-3.smt2,cvc5,1,0.22759027080610394
BV/2017-Preiner-keymaera/intersection-example-simple.proof-node251490.smt2,Z3alpha,1,0.2697755720000714
BV/2017-Preiner-scholl-smt08/RND/RND_6_36.smt2,Z3alpha,1,85.018232320901
BV/2017-Preiner-psyco/092.smt2,Z3alpha,1,0.36564752412959933
BV/2018-Preiner-cav18/check_bvsge_bvurem0_32bit.smt2,cvc5,1,447.92082915385254
BV/2017-Preiner-keymaera/intersection-example-simple.proof-node632840.smt2,Z3alpha,1,0.2757130099926144
BV/2017-Preiner-keymaera/binary_driver-2007-10-09-node13791.smt2,YicesQS,1,0.3132311070803553
BV/2020-Preiner-fmcad20/inv/check_ic_bvshl_x_s_32.smt2,Bitwuzla,1,0.6637101010419428
BV/2020-Preiner-fmcad20/cons/check_cc_udiv_x_s_32.smt2,cvc5,0,1201.7242477540858
BV/2020-Preiner-fmcad20/inv/check_ic_concat_x_s_64.smt2,Bitwuzla,1,0.258454933995381
BV/2017-Preiner-psyco/117.smt2,Z3alpha,1,0.47800235101021826
BV/2017-Preiner-scholl-smt08/model/model_5_10.smt2,Z3alpha,1,0.27618064102716744
BV/2018-Preiner-cav18/check_bvsge_bvmul_64bit.smt2,YicesQS,1,0.2668234461452812
BV/2017-Preiner-keymaera/dccs-example-simple-node6246.smt2,YicesQS,1,0.2843734519556165
BV/2017-Preiner-keymaera/intersection-example-simple.proof-node287705.smt2,Z3alpha,1,0.29557946999557316
BV/2017-Preiner-keymaera/intersection-example-simple.proof-node392708.smt2,Z3alpha,1,0.26902315486222506
BV/2020-Preiner-fmcad20/inv/check_ic_distinct_x_s_64.smt2,Bitwuzla,1,0.33023883891291916
BV/2018-Preiner-cav18/check_bvuge_bvconcat0_34_32bit.smt2,cvc5,1,0.25141798006370664
BV/20190429-UltimateAutomizerSvcomp2019/soft_float_4_true-unreach-call_true-no-overflow_true-termination.c.cil.c_5.smt2,YicesQS,1,0.22319393791258335
BV/20230321-UltimateAutomizerSvcomp2023/btor2c-eagerMod.bakery.1.prop1-func-interl.c_10.smt2,cvc5,1,0.2915239550638944
BV/2017-Preiner-keymaera/intersection-example-simple.proof-node265077.smt2,Z3alpha,1,0.2712266279850155
BV/2017-Preiner-keymaera/intersection-example-simple.proof-node559749.smt2,Z3alpha,1,0.26872186409309506
BV/20170501-Heizmann-UltimateAutomizer/jain_4_true-unreach-call_true-no-overflow.i_436.smt2,cvc5,1,1.2705311980098486
BV/2020-Preiner-fmcad20/inv/check_ic_x_s_4.smt2,Bitwuzla,1,0.21723491209559143
BV/2017-Preiner-scholl-smt08/model/model_6_24.smt2,Z3alpha,1,0.27980296802707016
BV/20190429-UltimateAutomizerSvcomp2019/jain_7_true-unreach-call_true-no-overflow_false-termination.i_21.smt2,YicesQS,1,0.24298700201325119
BV/2017-Preiner-keymaera/binary_driver-2007-10-09-node11384.smt2,YicesQS,1,0.6173240849748254
BV/2017-Preiner-keymaera/intersection-example-simple.proof-node193438.smt2,Z3alpha,1,0.2862262341659516
BV/2017-Preiner-keymaera/intersection-example-simple.proof-node672522.smt2,Z3alpha,1,0.2981465710327029
BV/2017-Preiner-keymaera/intersection-example-simple.proof-node479619.smt2,Z3alpha,1,0.2725774070713669
BV/2018-Preiner-cav18/check_bvslt_bvlshr0_64bit.smt2,Bitwuzla,1,0.3363648201338947
BV/wintersteiger/fmsd13/ranking/general_pcidrv_sys_hw_eeprom.c.smt2,Bitwuzla,1,0.8174575939774513
BV/2017-Preiner-keymaera/intersection-example-simple.proof-node294748.smt2,Z3alpha,1,0.32739727897569537
BV/2017-Preiner-keymaera/intersection-example-simple.proof-node174360.smt2,Z3alpha,1,0.2687173190061003
BV/20170501-Heizmann-UltimateAutomizer/verisec_sendmail__tTflag_arr_one_loop_false-unreach-call.i_2400.smt2,cvc5,1,0.8803555821068585
BV/20170501-Heizmann-UltimateAutomizer/jain_2_true-unreach-call_true-no-overflow.i_228.smt2,cvc5,1,1.2554048169404268
BV/2017-Preiner-keymaera/intersection-example-simple.proof-node289727.smt2,Z3alpha,1,0.2676471129525453
BV/2017-Preiner-keymaera/intersection-example-simple.proof-node603436.smt2,Z3alpha,1,0.29583556111902
BV/2020-Preiner-fmcad20/cons/check_cc_bvadd_x_s_4.smt2,cvc5,1,0.29706935305148363
BV/2018-Preiner-cav18/check_ne_bvurem0_64bit.smt2,cvc5,1,70.17433422082104
BV/wintersteiger/fmsd13/ranking/kmdf_usbsamp_sys_queue.c.smt2,Bitwuzla,1,3.690145942149684
BV/20190429-UltimateAutomizerSvcomp2019/jain_6_true-unreach-call_true-no-overflow_false-termination.i_4.smt2,YicesQS,1,0.22232134407386184
BV/2018-Preiner-cav18/check_bvslt_bvudiv1_64bit.smt2,cvc5,1,14.589122235076502
BV/2017-Preiner-scholl-smt08/RNDPRE/RNDPRE_4_36.smt2,YicesQS,1,733.0044331010431
BV/2017-Preiner-psyco/033.smt2,Z3alpha,1,0.6019666420761496
BV/2017-Preiner-keymaera/intersection-example-onelane.proof-node14168.smt2,Z3alpha,1,0.32133729103952646
BV/20230321-UltimateAutomizerSvcomp2023/soft_float_4-1.c.cil.c_1.smt2,cvc5,1,0.23029818502254784
BV/2017-Preiner-keymaera/intersection-example-simple.proof-node267466.smt2,Z3alpha,1,0.2716211841907352
BV/20230321-UltimateAutomizerSvcomp2023/jain_6-1.c_5.smt2,cvc5,1,4.173342391848564
BV/2017-Preiner-keymaera/intersection-example-simple.proof-node272548.smt2,Z3alpha,1,0.2944989148527384
BV/2017-Preiner-keymaera/binary_driver-2007-10-09-node10280.smt2,YicesQS,1,0.2784298099577427
BV/2017-Preiner-scholl-smt08/RNDPRE/RNDPRE_4_27.smt2,YicesQS,1,0.32218427187763155
BV/2017-Preiner-keymaera/intersection-example-onelane.proof-node17304.smt2,Z3alpha,1,0.36707938415929675
BV/2017-Preiner-keymaera/intersection-example-simple.proof-node294860.smt2,Z3alpha,1,0.27572833094745874
BV/20210301-Alive2/oggenc/283_oggenc.smt2,Bitwuzla,0,1201.3288931099232
BV/2017-Preiner-scholl-smt08/RNDPRE/RNDPRE_4_33.smt2,YicesQS,1,15.135502826888114
BV/20230321-UltimateAutomizerSvcomp2023/jain_7-1.c_2.smt2,cvc5,1,0.2328520379960537
BV/2018-Preiner-cav18/check_bvugt_bvudiv0_64bit.smt2,Bitwuzla,0,1201.2398765750695
BV/2017-Preiner-scholl-smt08/RNDPRE/RNDPRE_3_20.smt2,YicesQS,1,0.2425296758301556
BV/2017-Preiner-keymaera/intersection-example-simple.proof-node551039.smt2,Z3alpha,1,0.268794571980834
BV/20230321-UltimateAutomizerSvcomp2023/jain_6-1.c_11.smt2,cvc5,1,2.5270010391250253
BV/2018-Preiner-cav18/check_bvslt_bvadd_32bit.smt2,cvc5,1,0.23035678686574101
BV/2017-Preiner-keymaera/intersection-example-simple.proof-node369550.smt2,Z3alpha,1,0.35519423289224505
BV/2017-Preiner-keymaera/bouncing-ball-simple-node5920.smt2,YicesQS,1,0.2587537560611963
BV/2020-Preiner-fmcad20/cons/check_cc_bvult_x_s_64.smt2,Bitwuzla,1,0.24781281501054764
BV/2017-Preiner-scholl-smt08/RND/RND_3_30.smt2,Bitwuzla,1,328.66138791502453
BV/wintersteiger/fmsd13/fixpoint/small-pipeline-fixpoint-9.smt2,cvc5,1,0.9155854268465191
BV/2017-Preiner-keymaera/vsli-alert.proof-node2416.smt2,YicesQS,1,0.34050338296219707
BV/2017-Preiner-keymaera/intersection-example-simple.proof-node384691.smt2,Z3alpha,1,0.2771789620164782
BV/2017-Preiner-keymaera/dccs-example-simple-node3459.smt2,YicesQS,1,0.25653104903176427
BV/2018-Preiner-cav18/check_bvsgt_bvand_64bit.smt2,cvc5,1,0.3297050448600203
BV/wintersteiger/fmsd13/ranking/hid_hclient_ecdisp.c.smt2,Bitwuzla,1,0.2694603868294507
BV/2017-Preiner-psyco/035.smt2,Z3alpha,1,0.5043709019664675
BV/2017-Preiner-scholl-smt08/RND/RND_6_33.smt2,Z3alpha,1,0.798776043811813
BV/wintersteiger/fmsd13/ranking/input_mouser_cseries.c.smt2,Bitwuzla,1,3.335161830065772
BV/2018-Preiner-cav18/check_bvsle_bvlshr0_32bit.smt2,cvc5,1,0.3032857400830835
BV/20210330-PEak/no-extern-loop_sat_subset/hard1.smt2,Z3alpha,0,0.5641099691856652
BV/llvm13-smtlib/08.smt2,Bitwuzla,1,4.287776276003569
BV/20230321-UltimateAutomizerSvcomp2023/btor2c-eagerMod.bakery.1.prop1-func-interl.c_11.smt2,cvc5,1,0.2984269130975008
BV/2017-Preiner-keymaera/intersection-example-simple.proof-node345278.smt2,Z3alpha,1,0.26740379608236253
BV/20210330-PEak/no-extern-loop_unsat_subset/easy.smt2,Z3alpha,1,0.6728021609596908
BV/20230321-UltimateAutomizerSvcomp2023/btor2c-eagerMod.vis_arrays_vsa16a_p6.c_5.smt2,cvc5,1,3.327350423904136
BV/2017-Preiner-scholl-smt08/RNDPRE/RNDPRE_3_58.smt2,YicesQS,1,1.5114977178163826
BV/wintersteiger/fmsd13/ranking/input_mouser_detect.c.smt2,Bitwuzla,1,0.2638921260368079
BV/2020-Preiner-fmcad20/inv/check_ic_sext_2_4.smt2,Bitwuzla,1,0.21785461204126477
BV/2017-Preiner-scholl-smt08/model/model_6_44.smt2,Z3alpha,1,0.27254773303866386
BV/2017-Preiner-keymaera/intersection-example-simple.proof-node268667.smt2,Z3alpha,1,0.2951791291125119
BV/2018-Preiner-cav18/check_bvsgt_bvurem0_32bit.smt2,Bitwuzla,1,141.89030191092752
BV/2017-Preiner-keymaera/intersection-example-simple.proof-node269013.smt2,Z3alpha,1,0.27312701800838113
BV/2018-Preiner-cav18/check_eq_bvneg_32bit.smt2,cvc5,1,0.2213290981017053
BV/2017-Preiner-keymaera/intersection-example-simple.proof-node264307.smt2,Z3alpha,1,0.2678364550229162
BV/20210301-Alive2/oggenc/363_oggenc.smt2,Bitwuzla,0,1201.345525239827
BV/2020-Preiner-fmcad20/cons/check_cc_bvuge_x_s_32.smt2,cvc5,1,80.25026413006708
BV/20190429-UltimateAutomizerSvcomp2019/soft_float_4_true-unreach-call_true-no-overflow_true-termination.c.cil.c_7.smt2,YicesQS,1,0.23358475393615663
BV/2017-Preiner-keymaera/intersection-example-simple.proof-node172570.smt2,Z3alpha,1,0.26889544795267284
BV/2017-Preiner-keymaera/intersection-example-simple.proof-node369759.smt2,Z3alpha,1,0.2694223311264068
BV/2018-Preiner-cav18/check_bvugt_bvudiv1_64bit.smt2,Bitwuzla,1,0.2693291681353003
BV/2017-Preiner-keymaera/intersection-example-simple.proof-node167638.smt2,Z3alpha,1,0.29373557190410793
BV/2017-Preiner-psyco/172.smt2,Z3alpha,1,0.2997482398059219
BV/2017-Preiner-psyco/160.smt2,Z3alpha,1,0.34415579005144536
BV/wintersteiger/fmsd13/fixpoint/sdlx-fixpoint-10.smt2,Bitwuzla,1,25.0207104049623
BV/2017-Preiner-scholl-smt08/model/model_6_56.smt2,Z3alpha,1,0.30341395013965666
BV/2020-Preiner-fmcad20/cons/check_cc_bvuge_x_s_4.smt2,cvc5,1,0.24716090690344572
BV/2018-Preiner-cav18/check_bvsgt_bvconcat1_64_64bit.smt2,cvc5,1,0.2751405560411513
BV/2017-Preiner-keymaera/intersection-example-simple.proof-node189374.smt2,Z3alpha,1,0.27454332588240504
BV/2017-Preiner-keymaera/intersection-example-onelane.proof-node20269.smt2,Z3alpha,1,0.35730345407500863
BV/2017-Preiner-keymaera/intersection-example-simple.proof-node264195.smt2,Z3alpha,1,0.3008864549919963
BV/2017-Preiner-psyco/101.smt2,Z3alpha,1,0.45278036198578775
BV/wintersteiger/fmsd13/fixpoint/small-equiv-fixpoint-6.smt2,cvc5,1,0.2259739621076733
BV/2017-Preiner-keymaera/intersection-example-simple.proof-node350275.smt2,Z3alpha,1,0.2800896370317787
BV/2018-Preiner-cav18/check_bvsge_bvashr0_64bit.smt2,cvc5,1,0.7733441011514515
BV/20210330-PEak/extern-loop_sat_subset/hard1.smt2,Z3alpha,0,0.5243675839155912
BV/2020-Preiner-fmcad20/cons/check_cc_bvand_x_s_4.smt2,cvc5,1,0.488642152864486
BV/2017-Preiner-UltimateAutomizer/nested9_true-unreach-call.i_670.smt2,Z3alpha,1,0.2995394109748304
BV/20230321-UltimateAutomizerSvcomp2023/jain_2-2.c_9.smt2,cvc5,1,0.7951854849234223
BV/2017-Preiner-keymaera/dccs-example-simple-node3458.smt2,YicesQS,1,0.22749104700051248
BV/2017-Preiner-scholl-smt08/RND/RND_4_3.smt2,YicesQS,1,0.22441766993142664
BV/20170501-Heizmann-UltimateAutomizer/jain_7_true-unreach-call_true-no-overflow.i_70.smt2,cvc5,1,0.8909186760429293
BV/2017-Preiner-keymaera/intersection-example-simple.proof-node476763.smt2,Z3alpha,1,0.27082202094607055
BV/2017-Preiner-keymaera/intersection-example-simple.proof-node605043.smt2,Z3alpha,1,0.26839801599271595
BV/20190429-UltimateAutomizerSvcomp2019/jain_7_true-unreach-call_true-no-overflow_false-termination.i_6.smt2,YicesQS,1,0.25342098204419017
BV/2017-Preiner-scholl-smt08/model/model_6_27.smt2,Z3alpha,1,0.2793661530595273
BV/20170501-Heizmann-UltimateAutomizer/jain_4_true-unreach-call_true-no-overflow.i_433.smt2,cvc5,1,11.02586003090255
BV/2018-Preiner-cav18/check_ne_bvudiv0_64bit.smt2,Bitwuzla,1,0.2357371780090034
BV/20190429-UltimateAutomizerSvcomp2019/jain_2_true-unreach-call_true-no-overflow_false-termination.i_1.smt2,YicesQS,1,0.28504121908918023
BV/2017-Preiner-keymaera/intersection-example-simple.proof-node489032.smt2,Z3alpha,1,0.2676962069235742
BV/20170501-Heizmann-UltimateAutomizer/jain_2_true-unreach-call_true-no-overflow.i_433.smt2,cvc5,1,0.6888822179753333
BV/2017-Preiner-keymaera/intersection-example-simple.proof-node601673.smt2,Z3alpha,1,0.2756409980356693
BV/2017-Preiner-psyco/133.smt2,Z3alpha,1,0.3016371929552406
BV/2017-Preiner-keymaera/intersection-example-simple.proof-node254826.smt2,Z3alpha,1,0.2694322590250522
BV/2020-Preiner-fmcad20/cons/check_cc_distinct_x_s_64.smt2,Bitwuzla,1,0.24530118191614747
BV/20170501-Heizmann-UltimateAutomizer/jain_7_true-unreach-call_true-no-overflow.i_250.smt2,cvc5,1,1.175224191043526
BV/20230321-UltimateAutomizerSvcomp2023/jain_6-1.c_8.smt2,cvc5,1,9.290022172033787
BV/2017-Preiner-scholl-smt08/model/model_5_39.smt2,Z3alpha,1,0.3168326369486749
BV/2020-Preiner-fmcad20/inv/check_ic_bvshl_s_x_32.smt2,cvc5,1,302.5133949678857
BV/2017-Preiner-scholl-smt08/RNDPRE/RNDPRE_3_37.smt2,YicesQS,1,0.24295049416832626
BV/2018-Preiner-cav18/check_bvuge_bvconcat0_2_64bit.smt2,cvc5,1,0.2668483580928296
BV/2017-Preiner-keymaera/intersection-example-simple.proof-node253609.smt2,Z3alpha,1,0.270659692119807
BV/2017-Preiner-keymaera/intersection-example-simple.proof-node252840.smt2,Z3alpha,1,0.2694783990737051
BV/20230321-UltimateAutomizerSvcomp2023/soft_float_4-1.c.cil.c_8.smt2,cvc5,1,80.33749360777438
BV/wintersteiger/fmsd13/fixpoint/AR-fixpoint-9.smt2,cvc5,1,0.23267738497816026
BV/20190429-UltimateAutomizerSvcomp2019/jain_7_true-unreach-call_true-no-overflow_false-termination.i_13.smt2,YicesQS,1,0.2690074839629233
BV/2018-Preiner-cav18/check_bvsge_bvmul_32bit.smt2,YicesQS,1,0.23337475792504847
BV/2017-Preiner-keymaera/intersection-example-simple.proof-node74776.smt2,Z3alpha,1,0.3525377120822668
BV/2017-Preiner-scholl-smt08/RND/RND_6_25.smt2,Z3alpha,0,1201.7177026348654
BV/2017-Preiner-keymaera/intersection-example-simple.proof-node673088.smt2,Z3alpha,1,0.26830692985095084
BV/2017-Preiner-keymaera/intersection-example-simple.proof-node291850.smt2,Z3alpha,1,0.2984938961453736
BV/2017-Preiner-keymaera/intersection-example-simple.proof-node190475.smt2,Z3alpha,1,0.29387969709932804
BV/20210330-PEak/no-extern-loop_sat_subset/medium2.smt2,Z3alpha,0,0.4923010249622166
BV/20170501-Heizmann-UltimateAutomizer/jain_2_true-unreach-call_true-no-overflow.i_341.smt2,cvc5,1,1.032061547972262
BV/2017-Preiner-keymaera/intersection-example-simple.proof-node251841.smt2,Z3alpha,1,0.2834582510404289
BV/2018-Preiner-cav18/check_eq_bvudiv1_64bit.smt2,cvc5,0,1201.735348504968
BV/wintersteiger/fmsd13/ranking/audio_fmsynth_miniport.cpp.smt2,Bitwuzla,1,0.22853795485571027
BV/2017-Preiner-keymaera/intersection-example-simple.proof-node346170.smt2,Z3alpha,1,0.27571746497415006
BV/20170501-Heizmann-UltimateAutomizer/jain_2_true-unreach-call_true-no-overflow.i_342.smt2,cvc5,1,0.5603903150185943
BV/2017-Preiner-keymaera/intersection-example-simple.proof-node550261.smt2,Z3alpha,1,0.2902383741457015
BV/2017-Preiner-keymaera/intersection-example-simple.proof-node561763.smt2,Z3alpha,1,0.27132935100235045
BV/2020-Preiner-fmcad20/inv/check_ic_sext_3_4.smt2,Bitwuzla,1,0.224375544115901
BV/2017-Preiner-psyco/094.smt2,Z3alpha,1,0.34866282413713634
BV/2017-Preiner-keymaera/intersection-example-simple.proof-node190266.smt2,Z3alpha,1,0.31026637204922736
BV/2017-Preiner-keymaera/intersection-example-simple.proof-node290415.smt2,Z3alpha,1,0.31578948395326734
BV/2017-Preiner-keymaera/intersection-example-simple.proof-node347928.smt2,Z3alpha,1,0.270925483899191
BV/2017-Preiner-scholl-smt08/RND/RND_3_4.smt2,Z3alpha,1,6.518109704134986
BV/2017-Preiner-keymaera/intersection-example-simple.proof-node392932.smt2,Z3alpha,1,0.2855307550635189
BV/2017-Preiner-psyco/137.smt2,Z3alpha,1,0.33899104897864163
BV/2020-Preiner-fmcad20/cons/check_cc_bvslt_x_s_4.smt2,cvc5,1,0.2615355618763715
BV/20230321-UltimateAutomizerSvcomp2023/jain_4-1.c_11.smt2,cvc5,1,17.280238976934925
BV/20230321-UltimateAutomizerSvcomp2023/soft_float_1-1.c.cil.c_6.smt2,cvc5,1,80.36783198988996
BV/20230321-UltimateAutomizerSvcomp2023/linear-inequality-inv-a.c_6.smt2,cvc5,1,0.34276168211363256
BV/20230321-UltimateAutomizerSvcomp2023/jain_6-1.c_6.smt2,cvc5,1,7.393384002847597
BV/2017-Preiner-keymaera/intersection-example-simple.proof-node194065.smt2,Z3alpha,1,0.2733093451242894
BV/20170501-Heizmann-UltimateAutomizer/jain_6_true-unreach-call_true-no-overflow.i_460.smt2,cvc5,1,16.397429530974478
BV/2017-Preiner-psyco/099.smt2,Z3alpha,1,0.5474747319240123
BV/wintersteiger/fmsd13/fixpoint/small-equiv-fixpoint-9.smt2,cvc5,1,0.2517116661183536
BV/2020-Preiner-fmcad20/cons/check_cc_bvsge_x_s_32.smt2,cvc5,1,80.23309797886759
BV/2018-Preiner-cav18/check_bvule_bvashr1_64bit.smt2,cvc5,1,0.33000147505663335
BV/20230321-UltimateAutomizerSvcomp2023/soft_float_4-2.c.cil.c_10.smt2,cvc5,1,80.32719174097292
BV/2017-Preiner-keymaera/intersection-example-simple.proof-node368193.smt2,Z3alpha,1,0.26854200079105794
BV/20170501-Heizmann-UltimateAutomizer/jain_7_true-unreach-call_true-no-overflow.i_253.smt2,cvc5,1,0.9999546860344708
BV/20230321-UltimateAutomizerSvcomp2023/soft_float_4-2.c.cil.c_4.smt2,cvc5,1,80.37856295495294
BV/20190429-UltimateAutomizerSvcomp2019/soft_float_4_true-unreach-call_true-no-overflow_true-termination.c.cil.c_2.smt2,YicesQS,1,0.22116746800020337
BV/2020-Preiner-fmcad20/inv/check_ic_bvsge_x_s_64.smt2,Bitwuzla,1,0.26601470494642854
BV/20230321-UltimateAutomizerSvcomp2023/soft_float_4-2a.c.cil.c_8.smt2,cvc5,1,80.35213767597452
BV/20170501-Heizmann-UltimateAutomizer/jain_4_true-unreach-call_true-no-overflow.i_435.smt2,cvc5,1,1.8720041851047426
BV/20210301-Alive2-partial-undef/ph7/659_ph7.smt2,Bitwuzla,1,0.25564406206831336
BV/2020-Preiner-fmcad20/cons/check_cc_bvadd_x_s_64.smt2,cvc5,1,240.3120732009411
BV/2017-Preiner-psyco/064.smt2,Z3alpha,1,0.40586931607685983
BV/wintersteiger/fmsd13/ranking/kernel_uagp35_gart.c.smt2,Bitwuzla,1,0.24515633704140782
BV/2017-Preiner-scholl-smt08/RNDPRE/RNDPRE_4_16.smt2,YicesQS,1,702.5735476219561
BV/2017-Preiner-keymaera/intersection-example-simple.proof-node531710.smt2,Z3alpha,1,0.26897366996854544
BV/2020-Preiner-fmcad20/inv/check_ic_bvurem_s_x_4.smt2,cvc5,1,4.364063969813287
BV/2017-Preiner-scholl-smt08/RND/RND_3_9.smt2,Z3alpha,1,0.3224921659566462
BV/2017-Preiner-scholl-smt08/RNDPRE/RNDPRE_3_50.smt2,YicesQS,1,0.3490528070833534
BV/2017-Preiner-keymaera/intersection-example-simple.proof-node172682.smt2,Z3alpha,1,0.26876839087344706
BV/2018-Preiner-cav18/check_bvsle_bvlshr1_64bit.smt2,cvc5,1,0.2918541089165956
BV/2017-Preiner-keymaera/intersection-example-simple.proof-node385461.smt2,Z3alpha,1,0.27346711908467114
BV/20230321-UltimateAutomizerSvcomp2023/heapsort.i_3.smt2,cvc5,1,240.29807647690177
BV/20170501-Heizmann-UltimateAutomizer/jain_2_true-unreach-call_true-no-overflow.i_230.smt2,cvc5,1,0.6820120420306921
BV/2018-Preiner-cav18/check_bvsgt_bvconcat1_62_4bit.smt2,cvc5,1,0.23396409396082163
BV/2017-Preiner-psyco/034.smt2,Z3alpha,1,0.49395867087878287
BV/2018-Preiner-cav18/check_bvsge_bvudiv0_64bit.smt2,Bitwuzla,0,1201.2368670699652
BV/20210330-PEak/extern-loop_sat_subset/hard0.smt2,Z3alpha,0,0.4891434160526842
BV/2017-Preiner-keymaera/intersection-example-simple.proof-node386295.smt2,Z3alpha,1,0.2684145940002054
BV/2020-Preiner-fmcad20/cons/check_cc_concat_s_x_4.smt2,cvc5,1,0.22917716088704765
BV/2018-Preiner-cav18/check_bvsgt_bvlshr1_64bit.smt2,cvc5,1,0.3937630041036755
BV/2017-Preiner-keymaera/intersection-example-simple.proof-node631276.smt2,Z3alpha,1,0.2675875690765679
BV/20170501-Heizmann-UltimateAutomizer/jain_7_true-unreach-call_true-no-overflow.i_475.smt2,cvc5,1,25.12538241618313
BV/2017-Preiner-psyco/122.smt2,Z3alpha,1,0.28491371986456215
BV/20230321-UltimateAutomizerSvcomp2023/linear-inequality-inv-a.c_0.smt2,cvc5,1,0.26952760200947523
BV/2018-Preiner-cav18/check_bvslt_bvurem1_64bit.smt2,cvc5,1,29.409358198055997
BV/2017-Preiner-keymaera/train_goal4-node5686.smt2,Bitwuzla,1,0.6874632819090039
BV/2017-Preiner-keymaera/intersection-example-simple.proof-node488018.smt2,Z3alpha,1,0.26893589179962873
BV/2018-Preiner-cav18/check_eq_bvmul_32bit.smt2,YicesQS,1,0.24902734509669244
BV/20170501-Heizmann-UltimateAutomizer/jain_4_true-unreach-call_true-no-overflow.i_462.smt2,cvc5,1,0.9632652178406715
BV/20170501-Heizmann-UltimateAutomizer/jain_6_true-unreach-call_true-no-overflow.i_431.smt2,cvc5,1,1.5637933951802552
BV/2017-Preiner-keymaera/intersection-example-simple.proof-node551029.smt2,Z3alpha,1,0.26785828708671033
BV/2017-Preiner-psyco/041.smt2,Z3alpha,1,0.780589974950999
BV/2017-Preiner-psyco/058.smt2,Z3alpha,1,0.6709530539810658
BV/2017-Preiner-keymaera/intersection-example-simple.proof-node369346.smt2,Z3alpha,1,0.29174157488159835
BV/wintersteiger/fmsd13/ranking/AVStream_hwsim.cpp.smt2,Bitwuzla,1,21.650067477021366
BV/20210301-Alive2/oggenc/386_oggenc.smt2,Bitwuzla,0,1201.367033928167
BV/2017-Preiner-scholl-smt08/RND/RND_6_6.smt2,Z3alpha,1,0.47462077904492617
BV/2017-Preiner-keymaera/intersection-example-simple.proof-node737898.smt2,Z3alpha,1,0.2682232051156461
BV/2017-Preiner-scholl-smt08/RNDPRE/RNDPRE_3_6.smt2,YicesQS,1,0.2811314919963479
BV/20170501-Heizmann-UltimateAutomizer/jain_7_true-unreach-call_true-no-overflow.i_240.smt2,cvc5,1,1.3043403041083366
BV/wintersteiger/fmsd13/ranking/network_ndis_rtlnwifi_extsta_st_aplst.c.smt2,Bitwuzla,1,0.22451554890722036
BV/20190429-UltimateAutomizerSvcomp2019/pals_lcr-var-start-time.6_true-unreach-call.ufo.UNBOUNDED.pals.c_1.smt2,YicesQS,1,0.2303321440704167
BV/wintersteiger/fmsd13/fixpoint/AR-fixpoint-4.smt2,cvc5,1,0.2590282328892499
BV/20230321-UltimateAutomizerSvcomp2023/soft_float_1-1.c.cil.c_3.smt2,cvc5,1,80.3473043909762
BV/20170501-Heizmann-UltimateAutomizer/jain_4_true-unreach-call_true-no-overflow.i_225.smt2,cvc5,1,565.8480422978755
BV/20210330-PEak/no-extern-loop_unsat_subset/hard.smt2,Z3alpha,0,0.5424077520146966
BV/2020-Preiner-fmcad20/inv/check_ic_bvsge_s_x_64.smt2,Bitwuzla,1,0.2579172949772328
BV/20170501-Heizmann-UltimateAutomizer/jain_7_true-unreach-call_true-no-overflow.i_382.smt2,cvc5,1,2.832103048916906
BV/20210330-PEak/extern-loop_unsat_subset/easy.smt2,Z3alpha,1,1.4348670539911836
BV/2017-Preiner-scholl-smt08/model/model_5_62.smt2,Z3alpha,1,0.27645245590247214
BV/wintersteiger/fmsd13/ranking/audio_ddksynth_voice.cpp.smt2,Bitwuzla,1,0.23021453293040395
BV/2017-Preiner-scholl-smt08/model/model_6_4.smt2,Z3alpha,1,0.28568905079737306
BV/20190429-UltimateAutomizerSvcomp2019/jain_7_true-unreach-call_true-no-overflow_false-termination.i_8.smt2,YicesQS,1,0.26247207284905016
BV/2017-Preiner-keymaera/intersection-example-onelane.proof-node54859.smt2,Z3alpha,1,5.209097246173769
BV/2017-Preiner-keymaera/intersection-example-simple.proof-node391949.smt2,Z3alpha,1,0.31605138606391847
BV/2018-Preiner-cav18/check_bvslt_bvadd_64bit.smt2,cvc5,1,0.2358565980102867
BV/20230321-UltimateAutomizerSvcomp2023/jain_2-2.c_3.smt2,cvc5,1,2.4526005589868873
BV/2017-Preiner-keymaera/intersection-example-simple.proof-node268443.smt2,Z3alpha,1,0.282337648794055
BV/2017-Preiner-scholl-smt08/RNDPRE/RNDPRE_4_50.smt2,YicesQS,0,1201.7124984809197
BV/2017-Preiner-keymaera/dccs-example-simple-node3457.smt2,YicesQS,1,0.23336034500971437
BV/2017-Preiner-scholl-smt08/model/model_5_17.smt2,Z3alpha,1,0.31355491490103304
BV/2017-Preiner-keymaera/intersection-example-simple.proof-node272436.smt2,Z3alpha,1,0.30063097295351326
BV/20170501-Heizmann-UltimateAutomizer/sum02_true-unreach-call_true-no-overflow.i_415.smt2,cvc5,1,0.8117579240351915
BV/20230321-UltimateAutomizerSvcomp2023/jain_6-1.c_9.smt2,cvc5,1,6.100025645922869
BV/20230321-UltimateAutomizerSvcomp2023/Primes.c_3.smt2,cvc5,1,0.22578117507509887
BV/20210330-PEak/extern-loop_unsat_subset/medium.smt2,Z3alpha,0,0.5009270368609577
BV/wintersteiger/fmsd13/fixpoint/small-equiv-fixpoint-5.smt2,cvc5,1,0.23818604997359216
BV/2018-Preiner-cav18/check_bvugt_bvurem1_32bit.smt2,cvc5,1,4.749454096192494
BV/2017-Preiner-keymaera/intersection-example-simple.proof-node152733.smt2,Z3alpha,1,0.27254493185319006
BV/2017-Preiner-scholl-smt08/model/model_6_12.smt2,Z3alpha,1,0.2738825650885701
BV/2017-Preiner-keymaera/intersection-example-simple.proof-node391142.smt2,Z3alpha,1,0.2914448289666325
BV/2018-Preiner-cav18/check_eq_bvadd_32bit.smt2,cvc5,1,0.2227445519529283
BV/2020-Preiner-fmcad20/inv/check_ic_bvuge_x_s_64.smt2,Bitwuzla,1,0.26700058206915855
BV/2017-Preiner-scholl-smt08/model/model_6_31.smt2,Z3alpha,1,0.30722651607356966
BV/2018-Preiner-cav18/check_bvsle_bvlshr1_32bit.smt2,cvc5,1,0.2698444260749966
BV/2017-Preiner-scholl-smt08/RND/RND_6_2.smt2,Z3alpha,1,0.2718789561185986
BV/2017-Preiner-scholl-smt08/model/model_5_5.smt2,YicesQS,1,0.23134258994832635
BV/2020-Preiner-fmcad20/inv/check_ic_bvshl_s_x_64.smt2,Bitwuzla,1,1.007848913082853
BV/20230321-UltimateAutomizerSvcomp2023/soft_float_4-2a.c.cil.c_10.smt2,cvc5,1,80.60207023192197
BV/2017-Preiner-keymaera/intersection-example-simple.proof-node349694.smt2,Z3alpha,1,0.27310467697679996
BV/2017-Preiner-psyco/077.smt2,Z3alpha,1,0.3522409910801798
BV/20190429-UltimateAutomizerSvcomp2019/jain_7_true-unreach-call_true-no-overflow_false-termination.i_7.smt2,YicesQS,1,0.22506519313901663
BV/2020-Preiner-fmcad20/inv/check_ic_bvurem_x_s_64.smt2,Bitwuzla,0,1201.29143367894
BV/2017-Preiner-psyco/084.smt2,Z3alpha,1,0.48678528401069343
BV/20190429-UltimateAutomizerSvcomp2019/jain_2_true-unreach-call_true-no-overflow_false-termination.i_12.smt2,YicesQS,1,0.2508643069304526
BV/20210330-PEak/no-extern-loop_sat_subset/easy1.smt2,Z3alpha,1,0.36217132094316185
BV/2017-Preiner-keymaera/intersection-example-simple.proof-node365878.smt2,Z3alpha,1,0.3301089161541313
BV/2017-Preiner-UltimateAutomizer/Primes_true-unreach-call.c_678.smt2,Z3alpha,1,0.2889717349316925
BV/20190429-UltimateAutomizerSvcomp2019/jain_2_true-unreach-call_true-no-overflow_false-termination.i_14.smt2,YicesQS,1,0.3314807990100235
BV/20170501-Heizmann-UltimateAutomizer/jain_7_true-unreach-call_true-no-overflow.i_259.smt2,cvc5,1,1.5070173221174628
BV/20230321-UltimateAutomizerSvcomp2023/jain_7-2.c_1.smt2,cvc5,1,3.3200000799261034
BV/20170501-Heizmann-UltimateAutomizer/jain_2_true-unreach-call_true-no-overflow.i_435.smt2,cvc5,1,0.9228261788375676
BV/2018-Preiner-cav18/check_bvult_bvashr0_32bit.smt2,cvc5,1,0.2676039938814938
BV/2017-Preiner-scholl-smt08/model/model_5_35.smt2,Z3alpha,1,0.28540307004004717
BV/2018-Preiner-cav18/check_bvugt_bvlshr1_64bit.smt2,cvc5,1,0.4162799599580467
BV/20230321-UltimateAutomizerSvcomp2023/soft_float_4-2.c.cil.c_7.smt2,cvc5,1,80.36542613897473
BV/2018-Preiner-cav18/check_bvsgt_bvurem1_64bit.smt2,cvc5,1,364.27971521089785
BV/2017-Preiner-keymaera/intersection-example-simple.proof-node155401.smt2,Z3alpha,1,0.2713887009304017
BV/20190429-UltimateAutomizerSvcomp2019/sum02_false-unreach-call_true-no-overflow.c_1.smt2,YicesQS,0,1201.7397453330923
BV/2018-Preiner-cav18/check_bvugt_bvmul_64bit.smt2,YicesQS,1,0.3286156349349767
BV/2017-Preiner-scholl-smt08/model/model_6_3.smt2,Z3alpha,1,0.2749583190307021
BV/2017-Preiner-psyco/115.smt2,Z3alpha,1,0.3612279479857534
BV/2017-Preiner-scholl-smt08/RNDPRE/RNDPRE_3_56.smt2,YicesQS,1,294.8571044090204
BV/2017-Preiner-keymaera/intersection-example-onelane.proof-node16159.smt2,Z3alpha,1,1.6761787040159106
BV/2017-Preiner-keymaera/dccs-example-node3896.smt2,YicesQS,1,0.25226333015598357
BV/20190429-UltimateAutomizerSvcomp2019/jain_6_true-unreach-call_true-no-overflow_false-termination.i_18.smt2,YicesQS,1,0.29307530215010047
BV/2020-Preiner-fmcad20/cons/check_cc_urem_x_s_32.smt2,cvc5,1,258.17871982301585
BV/2017-Preiner-keymaera/intersection-example-simple.proof-node347607.smt2,Z3alpha,1,0.30491910013370216
BV/2017-Preiner-keymaera/intersection-example-simple.proof-node197625.smt2,Z3alpha,1,0.2683631149120629
BV/2017-Preiner-keymaera/bouncing-ball-simple-node5963.smt2,YicesQS,1,0.28989521390758455
BV/20230321-UltimateAutomizerSvcomp2023/jain_4-1.c_5.smt2,cvc5,1,6.740697179920971
BV/2017-Preiner-keymaera/intersection-example-simple.proof-node384936.smt2,Z3alpha,1,0.271970764035359
BV/2017-Preiner-scholl-smt08/RNDPRE/RNDPRE_3_39.smt2,YicesQS,1,0.47392482589930296
BV/20190429-UltimateAutomizerSvcomp2019/jain_2_true-unreach-call_true-no-overflow_false-termination.i_2.smt2,YicesQS,1,0.223188181174919
BV/2017-Preiner-psyco/046.smt2,Z3alpha,1,0.8475487430114299
BV/2017-Preiner-keymaera/intersection-example-simple.proof-node559861.smt2,Z3alpha,1,0.2691639589611441
BV/2017-Preiner-psyco/154.smt2,Z3alpha,1,0.3586146079469472
BV/2018-Preiner-cav18/check_bvsgt_bvlshr0_64bit.smt2,cvc5,1,1.417868547840044
BV/2017-Preiner-psyco/076.smt2,Z3alpha,1,0.3278850659262389
BV/2017-Preiner-scholl-smt08/model/model_6_8.smt2,Z3alpha,1,0.27238898794166744
BV/2017-Preiner-scholl-smt08/RNDPRE/RNDPRE_3_52.smt2,YicesQS,1,700.9393066300545
BV/2017-Preiner-keymaera/intersection-example-simple.proof-node248047.smt2,Z3alpha,1,0.2710807169787586
BV/2017-Preiner-keymaera/intersection-example-onelane.proof-node32497.smt2,Z3alpha,1,0.3748751990497112
BV/2017-Preiner-scholl-smt08/RND/RND_6_40.smt2,Z3alpha,0,390.24586595990695
BV/20170501-Heizmann-UltimateAutomizer/jain_7_true-unreach-call_true-no-overflow.i_431.smt2,cvc5,1,0.784650482935831
BV/2017-Preiner-keymaera/intersection-example-simple.proof-node193953.smt2,Z3alpha,1,0.27930079121142626
BV/wintersteiger/fmsd13/ranking/kmdf_pcidrv_sys_hw_nic_init.c.smt2,Bitwuzla,1,0.2221147760283202
BV/2017-Preiner-scholl-smt08/RNDPRE/RNDPRE_4_4.smt2,YicesQS,0,1201.722499699099
BV/2020-Preiner-fmcad20/cons/check_cc_udiv_x_s_64.smt2,Bitwuzla,0,1201.3143742070533
BV/wintersteiger/fmsd13/ranking/filesys_fastfat_cachesup.c.smt2,Bitwuzla,1,0.2403065450489521
BV/2017-Preiner-keymaera/intersection-example-onelane.proof-node37008.smt2,Z3alpha,1,0.38952190917916596
BV/2020-Preiner-fmcad20/cons/check_cc_bvlshr_s_x_32.smt2,cvc5,1,240.4821397389751
BV/2017-Preiner-keymaera/FTRM-entry-tang-feasible-node1796.smt2,Z3alpha,1,1.6984255909919739
BV/2017-Preiner-keymaera/intersection-example-simple.proof-node267257.smt2,Z3alpha,1,0.26766524999402463
BV/2017-Preiner-keymaera/intersection-example-onelane.proof-node11136.smt2,Z3alpha,1,0.32971230312250555
BV/2017-Preiner-scholl-smt08/RNDPRE/RNDPRE_3_44.smt2,YicesQS,1,0.3239778969436884
BV/2017-Preiner-psyco/048.smt2,Z3alpha,1,0.34766647405922413
BV/2017-Preiner-keymaera/intersection-example-simple.proof-node291962.smt2,Z3alpha,1,0.3058891841210425
BV/20190429-UltimateAutomizerSvcomp2019/gcd_3_true-unreach-call_true-no-overflow.i_0.smt2,YicesQS,1,24.933751903939992
BV/2017-Preiner-keymaera/intersection-example-simple.proof-node365475.smt2,Z3alpha,1,0.2898376970551908
BV/20230321-UltimateAutomizerSvcomp2023/heapsort.i_2.smt2,cvc5,1,240.31509920582175
BV/20190429-UltimateAutomizerSvcomp2019/jain_7_true-unreach-call_true-no-overflow_false-termination.i_4.smt2,YicesQS,1,0.28196402289904654
BV/2017-Preiner-keymaera/intersection-example-onelane.proof-node19624.smt2,Z3alpha,1,1.407873670104891
BV/2020-Preiner-fmcad20/inv/check_ic_distinct_x_s_4.smt2,Bitwuzla,1,0.2265123559627682
BV/2017-Preiner-keymaera/intersection-example-simple.proof-node704363.smt2,Z3alpha,1,0.26730896392837167
BV/2018-Preiner-cav18/check_eq_bvshl0_32bit.smt2,cvc5,1,0.3063437109813094
BV/2018-Preiner-cav18/check_bvugt_bvashr0_64bit.smt2,Bitwuzla,1,0.22108204406686127
BV/2018-Preiner-cav18/check_bvugt_bvconcat1_64_64bit.smt2,cvc5,1,0.28080060705542564
BV/2017-Preiner-keymaera/intersection-example-simple.proof-node57081.smt2,Z3alpha,1,0.27142598084174097
BV/2018-Preiner-cav18/check_bvslt_bvmul_32bit.smt2,YicesQS,1,0.26679832208901644
BV/2017-Preiner-keymaera/intersection-example-simple.proof-node476116.smt2,Z3alpha,1,0.26523477397859097
BV/2018-Preiner-cav18/check_bvugt_bvmul_32bit.smt2,YicesQS,1,0.2308567469008267
BV/2017-Preiner-scholl-smt08/RND/RND_6_21.smt2,Z3alpha,1,1.1375350488815457
BV/2017-Preiner-scholl-smt08/RND/RND_6_13.smt2,Z3alpha,1,0.3446364370174706
BV/2017-Preiner-keymaera/intersection-example-simple.proof-node532235.smt2,Z3alpha,1,0.29306154092773795
BV/2020-Preiner-fmcad20/cons/check_cc_bvsge_s_x_32.smt2,cvc5,1,80.23940706904978
BV/2020-Preiner-fmcad20/inv/check_ic_bvuge_s_x_64.smt2,Bitwuzla,1,0.2549052028916776
BV/2017-Preiner-keymaera/intersection-example-simple.proof-node532026.smt2,Z3alpha,1,0.26674297195859253
BV/2017-Preiner-keymaera/intersection-example-simple.proof-node347816.smt2,Z3alpha,1,0.2882654049899429
BV/2017-Preiner-keymaera/intersection-example-simple.proof-node268901.smt2,Z3alpha,1,0.26965702208690345
BV/2017-Preiner-scholl-smt08/model/model_5_59.smt2,Z3alpha,1,0.2752462320495397
BV/2018-Preiner-cav18/check_bvugt_bvudiv0_32bit.smt2,Bitwuzla,1,594.4383818840142
BV/2017-Preiner-psyco/095.smt2,Z3alpha,1,0.39072123006917536
BV/2018-Preiner-cav18/check_bvslt_bvshl1_32bit.smt2,cvc5,1,0.315582606010139
BV/2017-Preiner-scholl-smt08/RNDPRE/RNDPRE_3_12.smt2,YicesQS,1,1.2708261380903423
BV/2020-Preiner-fmcad20/cons/check_cc_bvslt_s_x_32.smt2,cvc5,1,80.31504892907105
BV/20190429-UltimateAutomizerSvcomp2019/jain_2_true-unreach-call_true-no-overflow_false-termination.i_19.smt2,YicesQS,1,0.25896632205694914
BV/2017-Preiner-keymaera/intersection-example-simple.proof-node170139.smt2,Z3alpha,1,0.27378007187508047
BV/2017-Preiner-scholl-smt08/model/model_6_17.smt2,Z3alpha,1,0.27170407911762595
BV/2017-Preiner-psyco/074.smt2,Z3alpha,1,0.3253574180416763
BV/2017-Preiner-UltimateAutomizer/Primes_true-unreach-call.c_2207.smt2,Z3alpha,1,0.2740903499070555
BV/wintersteiger/fmsd13/fixpoint/itc-b13-fixpoint-7.smt2,cvc5,1,0.4310551199596375
BV/wintersteiger/fmsd13/ranking/mmedia_gsm610_gsm6103.c.smt2,Bitwuzla,1,0.22600702894851565
BV/2017-Preiner-scholl-smt08/model/model_5_9.smt2,Z3alpha,1,0.27864212798886
BV/20230321-UltimateAutomizerSvcomp2023/jain_4-1.c_2.smt2,cvc5,1,3.9701537541113794
BV/2017-Preiner-keymaera/intersection-example-onelane.proof-node51016.smt2,Z3alpha,1,0.5764303770847619
BV/2017-Preiner-keymaera/intersection-example-simple.proof-node349276.smt2,Z3alpha,1,0.29885419085621834
BV/2017-Preiner-keymaera/dccs-example-node6709-new.smt2,YicesQS,1,0.3085225960239768
BV/20230321-UltimateAutomizerSvcomp2023/jain_6-1.c_7.smt2,cvc5,1,6.131093892036006
BV/20190429-UltimateAutomizerSvcomp2019/jain_6_true-unreach-call_true-no-overflow_false-termination.i_10.smt2,YicesQS,1,0.28447061008773744
BV/2017-Preiner-scholl-smt08/RNDPRE/RNDPRE_4_12.smt2,YicesQS,0,1201.7216692809016
BV/2017-Preiner-scholl-smt08/RND/RND_3_10.smt2,YicesQS,1,0.2370001662056893
BV/2017-Preiner-scholl-smt08/RND/RND_6_1.smt2,Z3alpha,1,71.52325959014706
BV/wintersteiger/fmsd13/ranking/input_pnpi8042_moudep.c.smt2,Bitwuzla,1,0.22526096692308784
BV/2017-Preiner-keymaera/vsli.proof-node2282.smt2,YicesQS,1,6.882649228908122
BV/2017-Preiner-keymaera/intersection-example-simple.proof-node150970.smt2,Z3alpha,1,0.2695668959058821
BV/2017-Preiner-keymaera/intersection-example-simple.proof-node709146.smt2,Z3alpha,1,0.28762301709502935
BV/20210330-PEak/extern-loop_sat_subset/medium0.smt2,Z3alpha,0,0.6278497288003564
BV/2017-Preiner-scholl-smt08/model/model_6_15.smt2,Z3alpha,1,0.3040031890850514
BV/2017-Preiner-keymaera/intersection-example-simple.proof-node732272.smt2,Z3alpha,1,0.2694107119459659
BV/20190429-UltimateAutomizerSvcomp2019/jain_6_true-unreach-call_true-no-overflow_false-termination.i_12.smt2,YicesQS,1,0.27412169496528804
BV/2017-Preiner-keymaera/intersection-example-simple.proof-node391376.smt2,Z3alpha,1,0.2735752121079713
BV/2017-Preiner-keymaera/ETCS-essentials-node4106.smt2,YicesQS,1,0.2998509001918137
BV/2017-Preiner-keymaera/intersection-example-simple.proof-node631052.smt2,Z3alpha,1,0.2680803418625146
BV/20170501-Heizmann-UltimateAutomizer/jain_1_true-unreach-call_true-no-overflow.i_214.smt2,cvc5,1,0.3460959771182388
BV/2017-Preiner-psyco/070.smt2,Z3alpha,1,0.4019711520522833
BV/2017-Preiner-keymaera/intersection-example-simple.proof-node534722.smt2,Z3alpha,1,0.27280048793181777
BV/2017-Preiner-keymaera/intersection-example-simple.proof-node270992.smt2,Z3alpha,1,0.2712718080729246
BV/2020-Preiner-fmcad20/cons/check_cc_urem_x_s_4.smt2,cvc5,1,0.646196624962613
BV/2017-Preiner-keymaera/binary_driver-2007-10-09-node14896.smt2,YicesQS,1,0.2895142089109868
BV/20170501-Heizmann-UltimateAutomizer/jain_7_true-unreach-call_true-no-overflow.i_383.smt2,cvc5,1,0.8194547479506582
BV/2020-Preiner-fmcad20/cons/check_cc_bvshl_s_x_4.smt2,cvc5,1,0.3430364590603858
BV/2017-Preiner-scholl-smt08/RNDPRE/RNDPRE_3_30.smt2,YicesQS,1,0.2412830840330571
BV/wintersteiger/fmsd13/ranking/mmedia_gsm610_gsm610.c.smt2,Bitwuzla,1,0.22080749087035656
BV/2017-Preiner-scholl-smt08/RNDPRE/RNDPRE_3_59.smt2,YicesQS,1,0.5542810319457203
BV/2020-Preiner-fmcad20/cons/check_cc_concat_s_x_32.smt2,Bitwuzla,1,0.2211455290671438
BV/2017-Preiner-keymaera/intersection-example-simple.proof-node392183.smt2,Z3alpha,1,0.28933395096100867
BV/2017-Preiner-scholl-smt08/model/model_6_2.smt2,Z3alpha,1,0.27540197409689426
BV/2020-Preiner-fmcad20/inv/check_ic_concat_x_s_4.smt2,Bitwuzla,1,0.2385997821111232
BV/2017-Preiner-scholl-smt08/model/model_6_11.smt2,Z3alpha,1,0.29989269003272057
BV/wintersteiger/fmsd13/ranking/1394diag_isochapi.c.smt2,Bitwuzla,1,0.23030463396571577
BV/2018-Preiner-cav18/check_bvsle_bvashr1_64bit.smt2,cvc5,1,0.32998080900870264
BV/20230321-UltimateAutomizerSvcomp2023/soft_float_1-1.c.cil.c_10.smt2,cvc5,1,80.40407024906017
BV/2017-Preiner-keymaera/intersection-example-simple.proof-node292487.smt2,Z3alpha,1,0.2692227989900857
BV/20190429-UltimateAutomizerSvcomp2019/jain_6_true-unreach-call_true-no-overflow_false-termination.i_5.smt2,YicesQS,1,0.23275935696437955
BV/20230321-UltimateAutomizerSvcomp2023/soft_float_4-2a.c.cil.c_9.smt2,cvc5,1,80.34958557295613
BV/2018-Preiner-cav18/check_bvslt_bvashr0_64bit.smt2,cvc5,1,0.8398591859731823
BV/2017-Preiner-scholl-smt08/RNDPRE/RNDPRE_3_10.smt2,YicesQS,1,0.2307571261189878
BV/2018-Preiner-cav18/check_bvsgt_bvurem1_32bit.smt2,cvc5,1,3.5226939350832254
BV/2017-Preiner-scholl-smt08/RNDPRE/RNDPRE_4_2.smt2,YicesQS,0,1201.7178861398716
BV/2017-Preiner-keymaera/intersection-example-onelane.proof-node25171.smt2,Z3alpha,1,0.35235232883132994
BV/2017-Preiner-scholl-smt08/RND/RND_6_9.smt2,Z3alpha,1,0.6694211829453707
BV/2017-Preiner-scholl-smt08/model/model_5_8.smt2,Z3alpha,1,0.27446274110116065
BV/2020-Preiner-fmcad20/inv/check_ic_bvshl_s_x_4.smt2,Bitwuzla,1,0.2281367878895253
BV/2018-Preiner-cav18/check_eq_bvneg_64bit.smt2,cvc5,1,0.22409405000507832
BV/2017-Preiner-keymaera/intersection-example-simple.proof-node476753.smt2,Z3alpha,1,0.29582945886068046
BV/2017-Preiner-keymaera/binary_driver-2007-10-09-node8745.smt2,YicesQS,1,0.3478069200646132
BV/2017-Preiner-scholl-smt08/RND/RND_6_19.smt2,Z3alpha,0,6.337513651931658
BV/2017-Preiner-keymaera/intersection-example-simple.proof-node548485.smt2,Z3alpha,1,0.26990714902058244
BV/20230321-UltimateAutomizerSvcomp2023/psyco_abp_1-2.c_2.smt2,cvc5,1,0.23975908616557717
BV/2017-Preiner-psyco/060.smt2,Z3alpha,1,0.3465911070816219
BV/20190429-UltimateAutomizerSvcomp2019/sum02_false-unreach-call_true-no-overflow.c_5.smt2,YicesQS,0,1201.747397706844
BV/2017-Preiner-keymaera/intersection-example-simple.proof-node723526.smt2,Z3alpha,1,0.282278086990118
BV/20190429-UltimateAutomizerSvcomp2019/jain_2_true-unreach-call_true-no-overflow_false-termination.i_15.smt2,YicesQS,1,0.2884487919509411
BV/2017-Preiner-keymaera/intersection-example-simple.proof-node194936.smt2,Z3alpha,1,0.3255981020629406
BV/2020-Preiner-fmcad20/inv/check_ic_bvxor_x_s_32.smt2,Bitwuzla,1,0.25334323407150805
BV/2017-Preiner-keymaera/intersection-example-onelane.proof-node54892.smt2,Z3alpha,1,1.6225791559554636
BV/2017-Preiner-keymaera/intersection-example-simple.proof-node676430.smt2,Z3alpha,1,0.2683113389648497
BV/2017-Preiner-scholl-smt08/RND/RND_6_28.smt2,Z3alpha,1,1.5572111350484192
BV/2017-Preiner-keymaera/intersection-example-simple.proof-node190062.smt2,Z3alpha,1,0.27356230304576457
BV/2020-Preiner-fmcad20/inv/check_ic_bvslt_x_s_64.smt2,Bitwuzla,1,0.2432605461217463
