path,time_sec,failed
BV/2017-Preiner-UltimateAutomizer/Primes_true-unreach-call.c_187.smt2,0.0005959859699942172,0
BV/2017-Preiner-UltimateAutomizer/Primes_true-unreach-call.c_2207.smt2,0.0006082190084271133,0
BV/2017-Preiner-UltimateAutomizer/Primes_true-unreach-call.c_597.smt2,0.00047016399912536144,0
BV/2017-Preiner-UltimateAutomizer/Primes_true-unreach-call.c_673.smt2,0.000530885998159647,0
BV/2017-Preiner-UltimateAutomizer/Primes_true-unreach-call.c_678.smt2,0.0005854170303791761,0
BV/2017-Preiner-UltimateAutomizer/nested9_true-unreach-call.i_1070.smt2,0.0005559429991990328,0
BV/2017-Preiner-UltimateAutomizer/nested9_true-unreach-call.i_1770.smt2,0.0005532369832508266,0
BV/2017-Preiner-UltimateAutomizer/nested9_true-unreach-call.i_473.smt2,0.0005451220204122365,0
BV/2017-Preiner-UltimateAutomizer/nested9_true-unreach-call.i_670.smt2,0.0005559929995797575,0
BV/2017-Preiner-keymaera/ETCS-d-braking-node1346.smt2,0.0005776319885626435,0
BV/2017-Preiner-keymaera/ETCS-essentials-live-range2.proof-node577.smt2,0.0005775320460088551,0
BV/2017-Preiner-keymaera/ETCS-essentials-live2.proof-node640.smt2,0.00045989599311724305,0
BV/2017-Preiner-keymaera/ETCS-essentials-node3023.smt2,0.0005742959911003709,0
BV/2017-Preiner-keymaera/ETCS-essentials-node4106.smt2,0.0004996390198357403,0
BV/2017-Preiner-keymaera/FTRM-entry-tang-feasible-node1796.smt2,0.00048584298929199576,0
BV/2017-Preiner-keymaera/binary_driver-2007-10-09-node10279.smt2,0.0005606409977190197,0
BV/2017-Preiner-keymaera/binary_driver-2007-10-09-node10280.smt2,0.0005018430529162288,0
BV/2017-Preiner-keymaera/binary_driver-2007-10-09-node11384.smt2,0.00048377999337390065,0
BV/2017-Preiner-keymaera/binary_driver-2007-10-09-node12552.smt2,0.000510268029756844,0
BV/2017-Preiner-keymaera/binary_driver-2007-10-09-node13791.smt2,0.0006057340069673955,0
BV/2017-Preiner-keymaera/binary_driver-2007-10-09-node14896.smt2,0.0005227919900789857,0
BV/2017-Preiner-keymaera/binary_driver-2007-10-09-node8745.smt2,0.0006481020245701075,0
BV/2017-Preiner-keymaera/binary_driver-2007-10-09-node8746.smt2,0.000566462054848671,0
BV/2017-Preiner-keymaera/bouncing-ball-inv-node6249.smt2,0.000665512983687222,0
BV/2017-Preiner-keymaera/bouncing-ball-simple-node5586.smt2,0.0005894030327908695,0
BV/2017-Preiner-keymaera/bouncing-ball-simple-node5587.smt2,0.0005655700224451721,0
BV/2017-Preiner-keymaera/bouncing-ball-simple-node5920.smt2,0.0007068300037644804,0
BV/2017-Preiner-keymaera/bouncing-ball-simple-node5963.smt2,0.000613317999523133,0
BV/2017-Preiner-keymaera/bouncing-ball-simple-node5964.smt2,0.0005944129661656916,0
BV/2017-Preiner-keymaera/bouncing-ball-simple-node5980.smt2,0.0005771509604528546,0
BV/2017-Preiner-keymaera/bouncing-ball-simple-node5981.smt2,0.0004835900035686791,0
BV/2017-Preiner-keymaera/controllability-lemma-disturbed.proof-node770.smt2,0.0005398829816840589,0
BV/2017-Preiner-keymaera/dccs-example-node3896.smt2,0.0006342969718389213,0
BV/2017-Preiner-keymaera/dccs-example-node3897.smt2,0.0005252459668554366,0
BV/2017-Preiner-keymaera/dccs-example-node6709-new.smt2,0.0005889529711566865,0
BV/2017-Preiner-keymaera/dccs-example-simple-node3457.smt2,0.0005403440445661545,0
BV/2017-Preiner-keymaera/dccs-example-simple-node3458.smt2,0.0005747770192101598,0
BV/2017-Preiner-keymaera/dccs-example-simple-node3459.smt2,0.0005264190258458257,0
BV/2017-Preiner-keymaera/dccs-example-simple-node6246.smt2,0.0005585369653999805,0
BV/2017-Preiner-keymaera/dynamic_reaction_to_static_bounds.proof-node849.smt2,0.000491312996018678,0
BV/2017-Preiner-keymaera/intersection-example-onelane.proof-node11136.smt2,0.00048696500016376376,0
BV/2017-Preiner-keymaera/intersection-example-onelane.proof-node11162.smt2,0.0005178719875402749,0
BV/2017-Preiner-keymaera/intersection-example-onelane.proof-node12481.smt2,0.0004955219919793308,0
BV/2017-Preiner-keymaera/intersection-example-onelane.proof-node12517.smt2,0.0005777230253443122,0
BV/2017-Preiner-keymaera/intersection-example-onelane.proof-node13832.smt2,0.0004725789767690003,0
BV/2017-Preiner-keymaera/intersection-example-onelane.proof-node14168.smt2,0.00048188597429543734,0
BV/2017-Preiner-keymaera/intersection-example-onelane.proof-node1479.smt2,0.0004709859495051205,0
BV/2017-Preiner-keymaera/intersection-example-onelane.proof-node16159.smt2,0.0004791109822690487,0
BV/2017-Preiner-keymaera/intersection-example-onelane.proof-node17304.smt2,0.0004910330171696842,0
BV/2017-Preiner-keymaera/intersection-example-onelane.proof-node17882.smt2,0.00066488201264292,0
BV/2017-Preiner-keymaera/intersection-example-onelane.proof-node18278.smt2,0.0005159989814274013,0
BV/2017-Preiner-keymaera/intersection-example-onelane.proof-node19598.smt2,0.000628785986918956,0
BV/2017-Preiner-keymaera/intersection-example-onelane.proof-node19624.smt2,0.0006039009895175695,0
BV/2017-Preiner-keymaera/intersection-example-onelane.proof-node20269.smt2,0.0005520959966816008,0
BV/2017-Preiner-keymaera/intersection-example-onelane.proof-node21162.smt2,0.0005108790355734527,0
BV/2017-Preiner-keymaera/intersection-example-onelane.proof-node21762.smt2,0.0005381499649956822,0
BV/2017-Preiner-keymaera/intersection-example-onelane.proof-node23307.smt2,0.0005194460391066968,0
BV/2017-Preiner-keymaera/intersection-example-onelane.proof-node24127.smt2,0.000481866009067744,0
BV/2017-Preiner-keymaera/intersection-example-onelane.proof-node25171.smt2,0.0005547900218516588,0
BV/2017-Preiner-keymaera/intersection-example-onelane.proof-node29839.smt2,0.0004975050105713308,0
BV/2017-Preiner-keymaera/intersection-example-onelane.proof-node30209.smt2,0.0005278000026009977,0
BV/2017-Preiner-keymaera/intersection-example-onelane.proof-node31555.smt2,0.000592279015108943,0
BV/2017-Preiner-keymaera/intersection-example-onelane.proof-node32497.smt2,0.0005732940044254065,0
BV/2017-Preiner-keymaera/intersection-example-onelane.proof-node34026.smt2,0.00047032401198521256,0
BV/2017-Preiner-keymaera/intersection-example-onelane.proof-node37008.smt2,0.0005157890263944864,0
BV/2017-Preiner-keymaera/intersection-example-onelane.proof-node37018.smt2,0.00048216700088232756,0
BV/2017-Preiner-keymaera/intersection-example-onelane.proof-node38802.smt2,0.0005614729598164558,0
BV/2017-Preiner-keymaera/intersection-example-onelane.proof-node39725.smt2,0.0005373680032789707,0
BV/2017-Preiner-keymaera/intersection-example-onelane.proof-node39751.smt2,0.000533160986378789,0
BV/2017-Preiner-keymaera/intersection-example-onelane.proof-node4261.smt2,0.0004914940218441188,0
BV/2017-Preiner-keymaera/intersection-example-onelane.proof-node43329.smt2,0.00047684600576758385,0
BV/2017-Preiner-keymaera/intersection-example-onelane.proof-node43393.smt2,0.0005033150082454085,0
BV/2017-Preiner-keymaera/intersection-example-onelane.proof-node44538.smt2,0.0005111810169182718,0
BV/2017-Preiner-keymaera/intersection-example-onelane.proof-node45106.smt2,0.0004907319671474397,0
BV/2017-Preiner-keymaera/intersection-example-onelane.proof-node45116.smt2,0.0004681609570980072,0
BV/2017-Preiner-keymaera/intersection-example-onelane.proof-node46589.smt2,0.0004850919940508902,0
BV/2017-Preiner-keymaera/intersection-example-onelane.proof-node46832.smt2,0.00046910304808989167,0
BV/2017-Preiner-keymaera/intersection-example-onelane.proof-node47513.smt2,0.0005214490229263902,0
BV/2017-Preiner-keymaera/intersection-example-onelane.proof-node48396.smt2,0.0005214289994910359,0
BV/2017-Preiner-keymaera/intersection-example-onelane.proof-node48996.smt2,0.00048736698227003217,0
BV/2017-Preiner-keymaera/intersection-example-onelane.proof-node51016.smt2,0.000586187990847975,0
BV/2017-Preiner-keymaera/intersection-example-onelane.proof-node5338.smt2,0.0005396020133048296,0
BV/2017-Preiner-keymaera/intersection-example-onelane.proof-node53901.smt2,0.000530997000169009,0
BV/2017-Preiner-keymaera/intersection-example-onelane.proof-node53911.smt2,0.000496472988743335,0
BV/2017-Preiner-keymaera/intersection-example-onelane.proof-node54847.smt2,0.0004884479567408562,0
BV/2017-Preiner-keymaera/intersection-example-onelane.proof-node54859.smt2,0.0004883980145677924,0
BV/2017-Preiner-keymaera/intersection-example-onelane.proof-node54870.smt2,0.000499197980388999,0
BV/2017-Preiner-keymaera/intersection-example-onelane.proof-node54892.smt2,0.0005064409924671054,0
BV/2017-Preiner-keymaera/intersection-example-onelane.proof-node5581.smt2,0.00047424202784895897,0
BV/2017-Preiner-keymaera/intersection-example-onelane.proof-node5607.smt2,0.0004971639718860388,0
BV/2017-Preiner-keymaera/intersection-example-onelane.proof-node6814.smt2,0.0004581829998642206,0
BV/2017-Preiner-keymaera/intersection-example-simple.proof-node150970.smt2,0.0004824170027859509,0
BV/2017-Preiner-keymaera/intersection-example-simple.proof-node151296.smt2,0.0004978960496373475,0
BV/2017-Preiner-keymaera/intersection-example-simple.proof-node151408.smt2,0.0005436799838207662,0
BV/2017-Preiner-keymaera/intersection-example-simple.proof-node152045.smt2,0.0005189639632590115,0
BV/2017-Preiner-keymaera/intersection-example-simple.proof-node152733.smt2,0.0005623250035569072,0
BV/2017-Preiner-keymaera/intersection-example-simple.proof-node152942.smt2,0.0005095870001241565,0
BV/2017-Preiner-keymaera/intersection-example-simple.proof-node154163.smt2,0.0005782740190625191,0
BV/2017-Preiner-keymaera/intersection-example-simple.proof-node155401.smt2,0.0004958619829267263,0
BV/2017-Preiner-keymaera/intersection-example-simple.proof-node156170.smt2,0.0005376889603212476,0
BV/2017-Preiner-keymaera/intersection-example-simple.proof-node156618.smt2,0.0005045979632996023,0
BV/2017-Preiner-keymaera/intersection-example-simple.proof-node166425.smt2,0.0005385210388340056,0
BV/2017-Preiner-keymaera/intersection-example-simple.proof-node166868.smt2,0.0005556220421567559,0
BV/2017-Preiner-keymaera/intersection-example-simple.proof-node167638.smt2,0.000532008009031415,0
BV/2017-Preiner-keymaera/intersection-example-simple.proof-node169818.smt2,0.0005001499666832387,0
BV/2017-Preiner-keymaera/intersection-example-simple.proof-node170139.smt2,0.0004880380001850426,0
BV/2017-Preiner-keymaera/intersection-example-simple.proof-node171004.smt2,0.0005457840161398053,0
BV/2017-Preiner-keymaera/intersection-example-simple.proof-node171228.smt2,0.000480513961520046,0
BV/2017-Preiner-keymaera/intersection-example-simple.proof-node171462.smt2,0.0004854229628108442,0
BV/2017-Preiner-keymaera/intersection-example-simple.proof-node171778.smt2,0.0004723080201074481,0
BV/2017-Preiner-keymaera/intersection-example-simple.proof-node172099.smt2,0.000507793971337378,0
BV/2017-Preiner-keymaera/intersection-example-simple.proof-node172570.smt2,0.000534663035068661,0
BV/2017-Preiner-keymaera/intersection-example-simple.proof-node172682.smt2,0.0005648679798468947,0
BV/2017-Preiner-keymaera/intersection-example-simple.proof-node173665.smt2,0.0005301649798639119,0
BV/2017-Preiner-keymaera/intersection-example-simple.proof-node174126.smt2,0.0005371980369091034,0
BV/2017-Preiner-keymaera/intersection-example-simple.proof-node174360.smt2,0.0005504520377144217,0
BV/2017-Preiner-keymaera/intersection-example-simple.proof-node174885.smt2,0.0005384309915825725,0
BV/2017-Preiner-keymaera/intersection-example-simple.proof-node174997.smt2,0.000552116020116955,0
BV/2017-Preiner-keymaera/intersection-example-simple.proof-node175109.smt2,0.0005192849785089493,0
BV/2017-Preiner-keymaera/intersection-example-simple.proof-node189374.smt2,0.0005384200485423207,0
BV/2017-Preiner-keymaera/intersection-example-simple.proof-node189817.smt2,0.0005163899622857571,0
BV/2017-Preiner-keymaera/intersection-example-simple.proof-node190062.smt2,0.0005052690394222736,0
BV/2017-Preiner-keymaera/intersection-example-simple.proof-node190266.smt2,0.00048442097613587976,0
BV/2017-Preiner-keymaera/intersection-example-simple.proof-node190475.smt2,0.0005415959749370813,0
BV/2017-Preiner-keymaera/intersection-example-simple.proof-node191763.smt2,0.0005044569843448699,0
BV/2017-Preiner-keymaera/intersection-example-simple.proof-node192767.smt2,0.0006311999750323594,0
BV/2017-Preiner-keymaera/intersection-example-simple.proof-node192976.smt2,0.0005667829536832869,0
BV/2017-Preiner-keymaera/intersection-example-simple.proof-node193438.smt2,0.0005695470026694238,0
BV/2017-Preiner-keymaera/intersection-example-simple.proof-node193953.smt2,0.0005132840014994144,0
BV/2017-Preiner-keymaera/intersection-example-simple.proof-node194065.smt2,0.0004901220090687275,0
BV/2017-Preiner-keymaera/intersection-example-simple.proof-node194936.smt2,0.0005485290312208235,0
BV/2017-Preiner-keymaera/intersection-example-simple.proof-node195048.smt2,0.0005813289899379015,0
BV/2017-Preiner-keymaera/intersection-example-simple.proof-node195519.smt2,0.0005312979919835925,0
BV/2017-Preiner-keymaera/intersection-example-simple.proof-node197075.smt2,0.0004817059962078929,0
BV/2017-Preiner-keymaera/intersection-example-simple.proof-node197625.smt2,0.0005049780011177063,0
BV/2017-Preiner-keymaera/intersection-example-simple.proof-node197946.smt2,0.0004773670225404203,0
BV/2017-Preiner-keymaera/intersection-example-simple.proof-node198058.smt2,0.000500058988109231,0
BV/2017-Preiner-keymaera/intersection-example-simple.proof-node247731.smt2,0.00047388102393597364,0
BV/2017-Preiner-keymaera/intersection-example-simple.proof-node248047.smt2,0.0004728599451482296,0
BV/2017-Preiner-keymaera/intersection-example-simple.proof-node249484.smt2,0.0005181219894438982,0
BV/2017-Preiner-keymaera/intersection-example-simple.proof-node250172.smt2,0.000514476967509836,0
BV/2017-Preiner-keymaera/intersection-example-simple.proof-node250605.smt2,0.0004890189738944173,0
BV/2017-Preiner-keymaera/intersection-example-simple.proof-node251490.smt2,0.0006110339891165495,0
BV/2017-Preiner-keymaera/intersection-example-simple.proof-node251841.smt2,0.0005278210155665874,0
BV/2017-Preiner-keymaera/intersection-example-simple.proof-node252045.smt2,0.0005555310053750873,0
BV/2017-Preiner-keymaera/intersection-example-simple.proof-node252371.smt2,0.00048077397514134645,0
BV/2017-Preiner-keymaera/intersection-example-simple.proof-node252840.smt2,0.0005787339759990573,0
BV/2017-Preiner-keymaera/intersection-example-simple.proof-node253609.smt2,0.0005372680025175214,0
BV/2017-Preiner-keymaera/intersection-example-simple.proof-node254296.smt2,0.000486535020172596,0
BV/2017-Preiner-keymaera/intersection-example-simple.proof-node254500.smt2,0.0005585270118899643,0
BV/2017-Preiner-keymaera/intersection-example-simple.proof-node254826.smt2,0.0005288429674692452,0
BV/2017-Preiner-keymaera/intersection-example-simple.proof-node264195.smt2,0.000504768977407366,0
BV/2017-Preiner-keymaera/intersection-example-simple.proof-node264307.smt2,0.0004895009915344417,0
BV/2017-Preiner-keymaera/intersection-example-simple.proof-node264965.smt2,0.0005020539974793792,0
BV/2017-Preiner-keymaera/intersection-example-simple.proof-node265077.smt2,0.0004993079928681254,0
BV/2017-Preiner-keymaera/intersection-example-simple.proof-node267053.smt2,0.0005234520067460835,0
BV/2017-Preiner-keymaera/intersection-example-simple.proof-node267257.smt2,0.0004968940047547221,0
BV/2017-Preiner-keymaera/intersection-example-simple.proof-node267466.smt2,0.0005213880212977529,0
BV/2017-Preiner-keymaera/intersection-example-simple.proof-node267578.smt2,0.0004729800275526941,0
BV/2017-Preiner-keymaera/intersection-example-simple.proof-node268443.smt2,0.0005037770024500787,0
BV/2017-Preiner-keymaera/intersection-example-simple.proof-node268667.smt2,0.0004787599900737405,0
BV/2017-Preiner-keymaera/intersection-example-simple.proof-node268901.smt2,0.00047859002370387316,0
BV/2017-Preiner-keymaera/intersection-example-simple.proof-node269013.smt2,0.00047247897600755095,0
BV/2017-Preiner-keymaera/intersection-example-simple.proof-node269426.smt2,0.0005006910068914294,0
BV/2017-Preiner-keymaera/intersection-example-simple.proof-node269538.smt2,0.0005014020134694874,0
BV/2017-Preiner-keymaera/intersection-example-simple.proof-node270758.smt2,0.00048652500845491886,0
BV/2017-Preiner-keymaera/intersection-example-simple.proof-node270992.smt2,0.00047853001160547137,0
BV/2017-Preiner-keymaera/intersection-example-simple.proof-node271104.smt2,0.0004991780151613057,0
BV/2017-Preiner-keymaera/intersection-example-simple.proof-node271565.smt2,0.0004795420099981129,0
BV/2017-Preiner-keymaera/intersection-example-simple.proof-node271799.smt2,0.000486204051412642,0
BV/2017-Preiner-keymaera/intersection-example-simple.proof-node272436.smt2,0.00047916098264977336,0
BV/2017-Preiner-keymaera/intersection-example-simple.proof-node272548.smt2,0.00047154701314866543,0
BV/2017-Preiner-keymaera/intersection-example-simple.proof-node287144.smt2,0.0004754739929921925,0
BV/2017-Preiner-keymaera/intersection-example-simple.proof-node287256.smt2,0.0004756450070999563,0
BV/2017-Preiner-keymaera/intersection-example-simple.proof-node287501.smt2,0.0005427180440165102,0
BV/2017-Preiner-keymaera/intersection-example-simple.proof-node287705.smt2,0.0005405140109360218,0
BV/2017-Preiner-keymaera/intersection-example-simple.proof-node287914.smt2,0.0005340519710443914,0
BV/2017-Preiner-keymaera/intersection-example-simple.proof-node288026.smt2,0.00048197602154687047,0
BV/2017-Preiner-keymaera/intersection-example-simple.proof-node288860.smt2,0.0004932669689878821,0
BV/2017-Preiner-keymaera/intersection-example-simple.proof-node289202.smt2,0.0005276810261420906,0
BV/2017-Preiner-keymaera/intersection-example-simple.proof-node289727.smt2,0.0005355649627745152,0
BV/2017-Preiner-keymaera/intersection-example-simple.proof-node290002.smt2,0.0005588069907389581,0
BV/2017-Preiner-keymaera/intersection-example-simple.proof-node290206.smt2,0.0005357949994504452,0
BV/2017-Preiner-keymaera/intersection-example-simple.proof-node290415.smt2,0.0005679039750248194,0
BV/2017-Preiner-keymaera/intersection-example-simple.proof-node290877.smt2,0.0005126229953020811,0
BV/2017-Preiner-keymaera/intersection-example-simple.proof-node291616.smt2,0.00048539304407313466,0
BV/2017-Preiner-keymaera/intersection-example-simple.proof-node291850.smt2,0.0004891990101896226,0
BV/2017-Preiner-keymaera/intersection-example-simple.proof-node291962.smt2,0.0004928269772790372,0
BV/2017-Preiner-keymaera/intersection-example-simple.proof-node292166.smt2,0.0004920450155623257,0
BV/2017-Preiner-keymaera/intersection-example-simple.proof-node292487.smt2,0.0004764559562318027,0
BV/2017-Preiner-keymaera/intersection-example-simple.proof-node294748.smt2,0.00047057599294930696,0
BV/2017-Preiner-keymaera/intersection-example-simple.proof-node294860.smt2,0.00047688698396086693,0
BV/2017-Preiner-keymaera/intersection-example-simple.proof-node295273.smt2,0.0004742529708892107,0
BV/2017-Preiner-keymaera/intersection-example-simple.proof-node345166.smt2,0.00047620595432817936,0
BV/2017-Preiner-keymaera/intersection-example-simple.proof-node345278.smt2,0.0005016719806008041,0
BV/2017-Preiner-keymaera/intersection-example-simple.proof-node345482.smt2,0.0004974850453436375,0
BV/2017-Preiner-keymaera/intersection-example-simple.proof-node345732.smt2,0.00048041401896625757,0
BV/2017-Preiner-keymaera/intersection-example-simple.proof-node346170.smt2,0.0005949339829385281,0
BV/2017-Preiner-keymaera/intersection-example-simple.proof-node346919.smt2,0.0005922690033912659,0
BV/2017-Preiner-keymaera/intersection-example-simple.proof-node347403.smt2,0.0004945389810018241,0
BV/2017-Preiner-keymaera/intersection-example-simple.proof-node347607.smt2,0.0004976849886588752,0
BV/2017-Preiner-keymaera/intersection-example-simple.proof-node347816.smt2,0.0005101680289953947,0
BV/2017-Preiner-keymaera/intersection-example-simple.proof-node347928.smt2,0.000512954022269696,0
BV/2017-Preiner-keymaera/intersection-example-simple.proof-node348040.smt2,0.00048744602827355266,0
BV/2017-Preiner-keymaera/intersection-example-simple.proof-node348711.smt2,0.0004996790084987879,0
BV/2017-Preiner-keymaera/intersection-example-simple.proof-node349276.smt2,0.0004943390376865864,0
BV/2017-Preiner-keymaera/intersection-example-simple.proof-node349694.smt2,0.0005691970000043511,0
BV/2017-Preiner-keymaera/intersection-example-simple.proof-node350275.smt2,0.0005367870326153934,0
BV/2017-Preiner-keymaera/intersection-example-simple.proof-node351044.smt2,0.0005516349920071661,0
BV/2017-Preiner-keymaera/intersection-example-simple.proof-node351731.smt2,0.0005330109852366149,0
BV/2017-Preiner-keymaera/intersection-example-simple.proof-node351935.smt2,0.0004975049523636699,0
BV/2017-Preiner-keymaera/intersection-example-simple.proof-node361630.smt2,0.0004936479963362217,0
BV/2017-Preiner-keymaera/intersection-example-simple.proof-node361987.smt2,0.0016334439860656857,0
BV/2017-Preiner-keymaera/intersection-example-simple.proof-node362512.smt2,0.000570267962757498,0
BV/2017-Preiner-keymaera/intersection-example-simple.proof-node363688.smt2,0.00048020301619544625,0
BV/2017-Preiner-keymaera/intersection-example-simple.proof-node365013.smt2,0.0005565230385400355,0
BV/2017-Preiner-keymaera/intersection-example-simple.proof-node365475.smt2,0.0005273200222291052,0
BV/2017-Preiner-keymaera/intersection-example-simple.proof-node365878.smt2,0.0005879719974473119,0
BV/2017-Preiner-keymaera/intersection-example-simple.proof-node367444.smt2,0.0005068620084784925,0
BV/2017-Preiner-keymaera/intersection-example-simple.proof-node368193.smt2,0.0005425179842859507,0
BV/2017-Preiner-keymaera/intersection-example-simple.proof-node368427.smt2,0.0005465750000439584,0
BV/2017-Preiner-keymaera/intersection-example-simple.proof-node368539.smt2,0.000530174991581589,0
BV/2017-Preiner-keymaera/intersection-example-simple.proof-node369000.smt2,0.00048646400682628155,0
BV/2017-Preiner-keymaera/intersection-example-simple.proof-node369234.smt2,0.0004925460088998079,0
BV/2017-Preiner-keymaera/intersection-example-simple.proof-node369346.smt2,0.001511098991613835,0
BV/2017-Preiner-keymaera/intersection-example-simple.proof-node369550.smt2,0.00048604398034512997,0
BV/2017-Preiner-keymaera/intersection-example-simple.proof-node369759.smt2,0.0004892399883829057,0
BV/2017-Preiner-keymaera/intersection-example-simple.proof-node369871.smt2,0.0004929970018565655,0
BV/2017-Preiner-keymaera/intersection-example-simple.proof-node384248.smt2,0.0004800930037163198,0
BV/2017-Preiner-keymaera/intersection-example-simple.proof-node384691.smt2,0.0005195749690756202,0
BV/2017-Preiner-keymaera/intersection-example-simple.proof-node384936.smt2,0.0005277610034681857,0
BV/2017-Preiner-keymaera/intersection-example-simple.proof-node385140.smt2,0.0005217299913056195,0
BV/2017-Preiner-keymaera/intersection-example-simple.proof-node385461.smt2,0.0005017429939471185,0
BV/2017-Preiner-keymaera/intersection-example-simple.proof-node386295.smt2,0.0005546500324271619,0
BV/2017-Preiner-keymaera/intersection-example-simple.proof-node387850.smt2,0.0004993779584765434,0
BV/2017-Preiner-keymaera/intersection-example-simple.proof-node388424.smt2,0.0005616429843939841,0
BV/2017-Preiner-keymaera/intersection-example-simple.proof-node388939.smt2,0.0005482579581439495,0
BV/2017-Preiner-keymaera/intersection-example-simple.proof-node389285.smt2,0.00048363901441916823,0
BV/2017-Preiner-keymaera/intersection-example-simple.proof-node389601.smt2,0.0005483379936777055,0
BV/2017-Preiner-keymaera/intersection-example-simple.proof-node389810.smt2,0.0004919350030831993,0
BV/2017-Preiner-keymaera/intersection-example-simple.proof-node391142.smt2,0.0005098379915580153,0
BV/2017-Preiner-keymaera/intersection-example-simple.proof-node391376.smt2,0.0004882480134256184,0
BV/2017-Preiner-keymaera/intersection-example-simple.proof-node391949.smt2,0.0004933869931846857,0
BV/2017-Preiner-keymaera/intersection-example-simple.proof-node392183.smt2,0.00048314803279936314,0
BV/2017-Preiner-keymaera/intersection-example-simple.proof-node392295.smt2,0.0004955210024490952,0
BV/2017-Preiner-keymaera/intersection-example-simple.proof-node392708.smt2,0.0005299249896779656,0
BV/2017-Preiner-keymaera/intersection-example-simple.proof-node392932.smt2,0.0004899810301139951,0
BV/2017-Preiner-keymaera/intersection-example-simple.proof-node403505.smt2,0.0015798149979673326,0
BV/2017-Preiner-keymaera/intersection-example-simple.proof-node459232.smt2,0.000480182992760092,0
BV/2017-Preiner-keymaera/intersection-example-simple.proof-node475811.smt2,0.00048152595991268754,0
BV/2017-Preiner-keymaera/intersection-example-simple.proof-node476004.smt2,0.00048335897736251354,0
BV/2017-Preiner-keymaera/intersection-example-simple.proof-node476116.smt2,0.0004736600094474852,0
BV/2017-Preiner-keymaera/intersection-example-simple.proof-node476753.smt2,0.000485193042550236,0
BV/2017-Preiner-keymaera/intersection-example-simple.proof-node476763.smt2,0.00048061402048915625,0
BV/2017-Preiner-keymaera/intersection-example-simple.proof-node478879.smt2,0.00047713698586449027,0
BV/2017-Preiner-keymaera/intersection-example-simple.proof-node479619.smt2,0.000470134022179991,0
BV/2017-Preiner-keymaera/intersection-example-simple.proof-node479629.smt2,0.00047513400204479694,0
BV/2017-Preiner-keymaera/intersection-example-simple.proof-node480617.smt2,0.0004796719877049327,0
BV/2017-Preiner-keymaera/intersection-example-simple.proof-node488018.smt2,0.0005440400564111769,0
BV/2017-Preiner-keymaera/intersection-example-simple.proof-node488227.smt2,0.0004885590169578791,0
BV/2017-Preiner-keymaera/intersection-example-simple.proof-node488451.smt2,0.0004963829996995628,0
BV/2017-Preiner-keymaera/intersection-example-simple.proof-node488920.smt2,0.0005362959927879274,0
BV/2017-Preiner-keymaera/intersection-example-simple.proof-node489032.smt2,0.0004855029983446002,0
BV/2017-Preiner-keymaera/intersection-example-simple.proof-node490015.smt2,0.0004803229821845889,0
BV/2017-Preiner-keymaera/intersection-example-simple.proof-node490353.smt2,0.000500511028803885,0
BV/2017-Preiner-keymaera/intersection-example-simple.proof-node52492.smt2,0.0005315479938872159,0
BV/2017-Preiner-keymaera/intersection-example-simple.proof-node529901.smt2,0.0005409439909271896,0
BV/2017-Preiner-keymaera/intersection-example-simple.proof-node531710.smt2,0.00048285798402503133,0
BV/2017-Preiner-keymaera/intersection-example-simple.proof-node531822.smt2,0.0005056100198999047,0
BV/2017-Preiner-keymaera/intersection-example-simple.proof-node532026.smt2,0.0004800930037163198,0
BV/2017-Preiner-keymaera/intersection-example-simple.proof-node532235.smt2,0.0005517249810509384,0
BV/2017-Preiner-keymaera/intersection-example-simple.proof-node532347.smt2,0.0005009719752706587,0
BV/2017-Preiner-keymaera/intersection-example-simple.proof-node534610.smt2,0.0004948099958710372,0
BV/2017-Preiner-keymaera/intersection-example-simple.proof-node534722.smt2,0.0005583059974014759,0
BV/2017-Preiner-keymaera/intersection-example-simple.proof-node535359.smt2,0.0004778990405611694,0
BV/2017-Preiner-keymaera/intersection-example-simple.proof-node548277.smt2,0.0005189139628782868,0
BV/2017-Preiner-keymaera/intersection-example-simple.proof-node548485.smt2,0.0005343130324035883,0
BV/2017-Preiner-keymaera/intersection-example-simple.proof-node54865.smt2,0.00048134499229490757,0
BV/2017-Preiner-keymaera/intersection-example-simple.proof-node548891.smt2,0.0005132940132170916,0
BV/2017-Preiner-keymaera/intersection-example-simple.proof-node550261.smt2,0.0004755349946208298,0
BV/2017-Preiner-keymaera/intersection-example-simple.proof-node550289.smt2,0.0004919249913655221,0
BV/2017-Preiner-keymaera/intersection-example-simple.proof-node550504.smt2,0.0004982560058124363,0
BV/2017-Preiner-keymaera/intersection-example-simple.proof-node551029.smt2,0.000473831023555249,0
BV/2017-Preiner-keymaera/intersection-example-simple.proof-node551039.smt2,0.0004974239855073392,0
BV/2017-Preiner-keymaera/intersection-example-simple.proof-node551337.smt2,0.00048195599811151624,0
BV/2017-Preiner-keymaera/intersection-example-simple.proof-node559428.smt2,0.000495020009111613,0
BV/2017-Preiner-keymaera/intersection-example-simple.proof-node559637.smt2,0.00048258702736347914,0
BV/2017-Preiner-keymaera/intersection-example-simple.proof-node559749.smt2,0.0004937080084346235,0
BV/2017-Preiner-keymaera/intersection-example-simple.proof-node559861.smt2,0.00047991302562877536,0
BV/2017-Preiner-keymaera/intersection-example-simple.proof-node560330.smt2,0.000521729001775384,0
BV/2017-Preiner-keymaera/intersection-example-simple.proof-node560442.smt2,0.00047084601828828454,0
BV/2017-Preiner-keymaera/intersection-example-simple.proof-node561079.smt2,0.0005542599828913808,0
BV/2017-Preiner-keymaera/intersection-example-simple.proof-node561425.smt2,0.0004802930052392185,0
BV/2017-Preiner-keymaera/intersection-example-simple.proof-node561763.smt2,0.0005543699953705072,0
BV/2017-Preiner-keymaera/intersection-example-simple.proof-node561875.smt2,0.0005013620248064399,0
BV/2017-Preiner-keymaera/intersection-example-simple.proof-node57081.smt2,0.00048094504745677114,0
BV/2017-Preiner-keymaera/intersection-example-simple.proof-node601561.smt2,0.0004734109970740974,0
BV/2017-Preiner-keymaera/intersection-example-simple.proof-node601673.smt2,0.00047219800762832165,0
BV/2017-Preiner-keymaera/intersection-example-simple.proof-node601999.smt2,0.0004762960015796125,0
BV/2017-Preiner-keymaera/intersection-example-simple.proof-node602111.smt2,0.0005707700038328767,0
BV/2017-Preiner-keymaera/intersection-example-simple.proof-node603232.smt2,0.0005433090263977647,0
BV/2017-Preiner-keymaera/intersection-example-simple.proof-node603436.smt2,0.00047992198960855603,0
BV/2017-Preiner-keymaera/intersection-example-simple.proof-node603757.smt2,0.0004899410414509475,0
BV/2017-Preiner-keymaera/intersection-example-simple.proof-node605043.smt2,0.000494459003675729,0
BV/2017-Preiner-keymaera/intersection-example-simple.proof-node605258.smt2,0.000482468050904572,0
BV/2017-Preiner-keymaera/intersection-example-simple.proof-node605722.smt2,0.0005268290406093001,0
BV/2017-Preiner-keymaera/intersection-example-simple.proof-node606132.smt2,0.00046890199882909656,0
BV/2017-Preiner-keymaera/intersection-example-simple.proof-node606769.smt2,0.00047178700333461165,0
BV/2017-Preiner-keymaera/intersection-example-simple.proof-node618750.smt2,0.0004763160250149667,0
BV/2017-Preiner-keymaera/intersection-example-simple.proof-node619055.smt2,0.0004831890109926462,0
BV/2017-Preiner-keymaera/intersection-example-simple.proof-node619900.smt2,0.0004769870429299772,0
BV/2017-Preiner-keymaera/intersection-example-simple.proof-node620306.smt2,0.0004993480397388339,0
BV/2017-Preiner-keymaera/intersection-example-simple.proof-node621704.smt2,0.000480593997053802,0
BV/2017-Preiner-keymaera/intersection-example-simple.proof-node622752.smt2,0.00047604599967598915,0
BV/2017-Preiner-keymaera/intersection-example-simple.proof-node630639.smt2,0.000471175997518003,0
BV/2017-Preiner-keymaera/intersection-example-simple.proof-node631052.smt2,0.0004867649986408651,0
BV/2017-Preiner-keymaera/intersection-example-simple.proof-node631164.smt2,0.0005288329557515681,0
BV/2017-Preiner-keymaera/intersection-example-simple.proof-node631276.smt2,0.0005069619510322809,0
BV/2017-Preiner-keymaera/intersection-example-simple.proof-node631857.smt2,0.0004886479582637548,0
BV/2017-Preiner-keymaera/intersection-example-simple.proof-node632728.smt2,0.0004947599954903126,0
BV/2017-Preiner-keymaera/intersection-example-simple.proof-node632840.smt2,0.0005425880081020296,0
BV/2017-Preiner-keymaera/intersection-example-simple.proof-node633178.smt2,0.00048323796363547444,0
BV/2017-Preiner-keymaera/intersection-example-simple.proof-node672522.smt2,0.0004838299937546253,0
BV/2017-Preiner-keymaera/intersection-example-simple.proof-node672726.smt2,0.0004856729647144675,0
BV/2017-Preiner-keymaera/intersection-example-simple.proof-node672976.smt2,0.0004716480034403503,0
BV/2017-Preiner-keymaera/intersection-example-simple.proof-node673088.smt2,0.0004895799793303013,0
BV/2017-Preiner-keymaera/intersection-example-simple.proof-node673414.smt2,0.0004783390322700143,0
BV/2017-Preiner-keymaera/intersection-example-simple.proof-node673526.smt2,0.0004876169841736555,0
BV/2017-Preiner-keymaera/intersection-example-simple.proof-node674535.smt2,0.0004972749738954008,0
BV/2017-Preiner-keymaera/intersection-example-simple.proof-node674647.smt2,0.0004824770148843527,0
BV/2017-Preiner-keymaera/intersection-example-simple.proof-node676430.smt2,0.000540934968739748,0
BV/2017-Preiner-keymaera/intersection-example-simple.proof-node677435.smt2,0.0005601199809461832,0
BV/2017-Preiner-keymaera/intersection-example-simple.proof-node682293.smt2,0.0005968969780951738,0
BV/2017-Preiner-keymaera/intersection-example-simple.proof-node682405.smt2,0.0005745569942519069,0
BV/2017-Preiner-keymaera/intersection-example-simple.proof-node688713.smt2,0.0004887590184807777,0
BV/2017-Preiner-keymaera/intersection-example-simple.proof-node694990.smt2,0.0005202869651839137,0
BV/2017-Preiner-keymaera/intersection-example-simple.proof-node703624.smt2,0.0005289230030030012,0
BV/2017-Preiner-keymaera/intersection-example-simple.proof-node704363.smt2,0.0004996680072508752,0
BV/2017-Preiner-keymaera/intersection-example-simple.proof-node704546.smt2,0.0004829780082218349,0
BV/2017-Preiner-keymaera/intersection-example-simple.proof-node709146.smt2,0.00047556502977386117,0
BV/2017-Preiner-keymaera/intersection-example-simple.proof-node709258.smt2,0.0005577760166488588,0
BV/2017-Preiner-keymaera/intersection-example-simple.proof-node717892.smt2,0.0004744919715449214,0
BV/2017-Preiner-keymaera/intersection-example-simple.proof-node719994.smt2,0.0005031650071032345,0
BV/2017-Preiner-keymaera/intersection-example-simple.proof-node723526.smt2,0.0005132330115884542,0
BV/2017-Preiner-keymaera/intersection-example-simple.proof-node732160.smt2,0.0005180430016480386,0
BV/2017-Preiner-keymaera/intersection-example-simple.proof-node732272.smt2,0.0004871960263699293,0
BV/2017-Preiner-keymaera/intersection-example-simple.proof-node733082.smt2,0.0004971650196239352,0
BV/2017-Preiner-keymaera/intersection-example-simple.proof-node737898.smt2,0.00048759597120806575,0
BV/2017-Preiner-keymaera/intersection-example-simple.proof-node74776.smt2,0.00047780899330973625,0
BV/2017-Preiner-keymaera/intersection-example-simple.proof-node93152.smt2,0.0004748840001411736,0
BV/2017-Preiner-keymaera/intersection-example-simple.proof-node95128.smt2,0.0005359649658203125,0
BV/2017-Preiner-keymaera/intersection-example-simple.proof-node99874.smt2,0.0004900720086880028,0
BV/2017-Preiner-keymaera/intersection-example-simple.proof-node99986.smt2,0.00047394196735695004,0
BV/2017-Preiner-keymaera/rbc-controllability-characterisation-node3299.smt2,0.0004172169719822705,0
BV/2017-Preiner-keymaera/safety-lemma-node10952.smt2,0.0004891600110568106,0
BV/2017-Preiner-keymaera/safety-lemma-node14050.smt2,0.0004858640022575855,0
BV/2017-Preiner-keymaera/to_left-node1505.smt2,0.00044464797247201204,0
BV/2017-Preiner-keymaera/train_goal3-node5717.smt2,0.0004995380295440555,0
BV/2017-Preiner-keymaera/train_goal4-node5686.smt2,0.00048548297490924597,0
BV/2017-Preiner-keymaera/train_goal6-node8607.smt2,0.0006254109903238714,0
BV/2017-Preiner-keymaera/vsl.proof-node1377.smt2,0.0015392210334539413,0
BV/2017-Preiner-keymaera/vsl.proof-node1722.smt2,0.0004881680360995233,0
BV/2017-Preiner-keymaera/vsl.proof-node2228.smt2,0.0005939719849266112,0
BV/2017-Preiner-keymaera/vsl.proof-node2761.smt2,0.000530105025973171,0
BV/2017-Preiner-keymaera/vsli-alert.proof-node2416.smt2,0.0004893099539913237,0
BV/2017-Preiner-keymaera/vsli-alert.proof-node2442.smt2,0.0005511430208571255,0
BV/2017-Preiner-keymaera/vsli.proof-node2282.smt2,0.0005021629622206092,0
BV/2017-Preiner-psyco/006.smt2,0.0010152169852517545,0
BV/2017-Preiner-psyco/008.smt2,0.0018915390246547759,0
BV/2017-Preiner-psyco/015.smt2,0.000979721953626722,0
BV/2017-Preiner-psyco/026.smt2,0.0008885840070433915,0
BV/2017-Preiner-psyco/027.smt2,0.00121306098299101,0
BV/2017-Preiner-psyco/033.smt2,0.0012791319750249386,0
BV/2017-Preiner-psyco/034.smt2,0.0012312449980527163,0
BV/2017-Preiner-psyco/035.smt2,0.0012917349813506007,0
BV/2017-Preiner-psyco/040.smt2,0.0013302459847182035,0
BV/2017-Preiner-psyco/041.smt2,0.0013525569811463356,0
BV/2017-Preiner-psyco/045.smt2,0.0013919799821451306,0
BV/2017-Preiner-psyco/046.smt2,0.0014721169718541205,0
BV/2017-Preiner-psyco/048.smt2,0.0020551590132527053,0
BV/2017-Preiner-psyco/050.smt2,0.001501301012467593,0
BV/2017-Preiner-psyco/052.smt2,0.0014928249875083566,0
BV/2017-Preiner-psyco/055.smt2,0.0016043510404415429,0
BV/2017-Preiner-psyco/056.smt2,0.0015130320098251104,0
BV/2017-Preiner-psyco/058.smt2,0.00154269696213305,0
BV/2017-Preiner-psyco/060.smt2,0.0005913879722356796,0
BV/2017-Preiner-psyco/064.smt2,0.000796364969573915,0
BV/2017-Preiner-psyco/070.smt2,0.00089908397058025,0
BV/2017-Preiner-psyco/073.smt2,0.001256972027476877,0
BV/2017-Preiner-psyco/074.smt2,0.001268032006919384,0
BV/2017-Preiner-psyco/075.smt2,0.001272359979338944,0
BV/2017-Preiner-psyco/076.smt2,0.0013558630016632378,0
BV/2017-Preiner-psyco/077.smt2,0.0013410560204647481,0
BV/2017-Preiner-psyco/078.smt2,0.0012995799770578742,0
BV/2017-Preiner-psyco/079.smt2,0.0013109510182403028,0
BV/2017-Preiner-psyco/081.smt2,0.0013725640019401908,0
BV/2017-Preiner-psyco/083.smt2,0.001309016952291131,0
BV/2017-Preiner-psyco/084.smt2,0.001389765995554626,0
BV/2017-Preiner-psyco/086.smt2,0.0013631170149892569,0
BV/2017-Preiner-psyco/092.smt2,0.0019631200120784342,0
BV/2017-Preiner-psyco/094.smt2,0.0013542299857363105,0
BV/2017-Preiner-psyco/095.smt2,0.001521768979728222,0
BV/2017-Preiner-psyco/099.smt2,0.0015435090172104537,0
BV/2017-Preiner-psyco/101.smt2,0.00156501802848652,0
BV/2017-Preiner-psyco/110.smt2,0.0009937380091287196,0
BV/2017-Preiner-psyco/113.smt2,0.0008995350217446685,0
BV/2017-Preiner-psyco/115.smt2,0.0010351039818488061,0
BV/2017-Preiner-psyco/117.smt2,0.0009599649929441512,0
BV/2017-Preiner-psyco/119.smt2,0.0011270130053162575,0
BV/2017-Preiner-psyco/121.smt2,0.001255439012311399,0
BV/2017-Preiner-psyco/122.smt2,0.0009826869936659932,0
BV/2017-Preiner-psyco/123.smt2,0.0009356410009786487,0
BV/2017-Preiner-psyco/125.smt2,0.0016785769839771092,0
BV/2017-Preiner-psyco/126.smt2,0.0012027620105072856,0
BV/2017-Preiner-psyco/133.smt2,0.0012639450142160058,0
BV/2017-Preiner-psyco/137.smt2,0.003270775021519512,0
BV/2017-Preiner-psyco/148.smt2,0.000825558032374829,0
BV/2017-Preiner-psyco/150.smt2,0.0011156719992868602,0
BV/2017-Preiner-psyco/154.smt2,0.0006900489679537714,0
BV/2017-Preiner-psyco/160.smt2,0.0006990060210227966,0
BV/2017-Preiner-psyco/167.smt2,0.0010020230547524989,0
BV/2017-Preiner-psyco/172.smt2,0.0009107950027100742,0
BV/2017-Preiner-psyco/174.smt2,0.0008765319944359362,0
BV/2017-Preiner-psyco/182.smt2,0.0007507700356654823,0
BV/2017-Preiner-psyco/185.smt2,0.0013579569640569389,0
BV/2017-Preiner-psyco/190.smt2,0.001824514998588711,0
BV/2017-Preiner-scholl-smt08/RND/RND_3_1.smt2,0.0005062810378149152,0
BV/2017-Preiner-scholl-smt08/RND/RND_3_10.smt2,0.00046475400449708104,0
BV/2017-Preiner-scholl-smt08/RND/RND_3_12.smt2,0.0006747209699824452,0
BV/2017-Preiner-scholl-smt08/RND/RND_3_13.smt2,0.0005902060074731708,0
BV/2017-Preiner-scholl-smt08/RND/RND_3_15.smt2,0.0005629949737340212,0
BV/2017-Preiner-scholl-smt08/RND/RND_3_18.smt2,0.0005839340155944228,0
BV/2017-Preiner-scholl-smt08/RND/RND_3_20.smt2,0.0005287629901431501,0
BV/2017-Preiner-scholl-smt08/RND/RND_3_23.smt2,0.0010233119828626513,0
BV/2017-Preiner-scholl-smt08/RND/RND_3_24.smt2,0.0012916349805891514,0
BV/2017-Preiner-scholl-smt08/RND/RND_3_28.smt2,0.0013087370316497982,0
BV/2017-Preiner-scholl-smt08/RND/RND_3_29.smt2,0.0008879529777914286,0
BV/2017-Preiner-scholl-smt08/RND/RND_3_30.smt2,0.0011813929886557162,0
BV/2017-Preiner-scholl-smt08/RND/RND_3_4.smt2,0.0005150879733264446,0
BV/2017-Preiner-scholl-smt08/RND/RND_3_7.smt2,0.0004895100137218833,0
BV/2017-Preiner-scholl-smt08/RND/RND_3_8.smt2,0.000509587989654392,0
BV/2017-Preiner-scholl-smt08/RND/RND_3_9.smt2,0.0005973379593342543,0
BV/2017-Preiner-scholl-smt08/RND/RND_4_1.smt2,0.0005983709706924856,0
BV/2017-Preiner-scholl-smt08/RND/RND_4_11.smt2,0.00101065804483369,0
BV/2017-Preiner-scholl-smt08/RND/RND_4_12.smt2,0.0010506719700060785,0
BV/2017-Preiner-scholl-smt08/RND/RND_4_14.smt2,0.0008575170068070292,0
BV/2017-Preiner-scholl-smt08/RND/RND_4_2.smt2,0.0006790090119466186,0
BV/2017-Preiner-scholl-smt08/RND/RND_4_20.smt2,0.0007972759776748717,0
BV/2017-Preiner-scholl-smt08/RND/RND_4_22.smt2,0.0019934159936383367,0
BV/2017-Preiner-scholl-smt08/RND/RND_4_23.smt2,0.0011464389972388744,0
BV/2017-Preiner-scholl-smt08/RND/RND_4_24.smt2,0.0015638460172340274,0
BV/2017-Preiner-scholl-smt08/RND/RND_4_27.smt2,0.0014709950191900134,0
BV/2017-Preiner-scholl-smt08/RND/RND_4_3.smt2,0.0004913940210826695,0
BV/2017-Preiner-scholl-smt08/RND/RND_4_4.smt2,0.0005605709739029408,0
BV/2017-Preiner-scholl-smt08/RND/RND_6_1.smt2,0.0008638990111649036,0
BV/2017-Preiner-scholl-smt08/RND/RND_6_13.smt2,0.0008709710091352463,0
BV/2017-Preiner-scholl-smt08/RND/RND_6_14.smt2,0.001201258972287178,0
BV/2017-Preiner-scholl-smt08/RND/RND_6_15.smt2,0.0012474539689719677,0
BV/2017-Preiner-scholl-smt08/RND/RND_6_16.smt2,0.001361963979434222,0
BV/2017-Preiner-scholl-smt08/RND/RND_6_19.smt2,0.00128173700068146,0
BV/2017-Preiner-scholl-smt08/RND/RND_6_2.smt2,0.0009595240117050707,0
BV/2017-Preiner-scholl-smt08/RND/RND_6_21.smt2,0.0033026240416802466,0
BV/2017-Preiner-scholl-smt08/RND/RND_6_23.smt2,0.0017295210273005068,0
BV/2017-Preiner-scholl-smt08/RND/RND_6_25.smt2,0.0026603619917295873,0
BV/2017-Preiner-scholl-smt08/RND/RND_6_26.smt2,0.002962217025924474,0
BV/2017-Preiner-scholl-smt08/RND/RND_6_27.smt2,0.0020694059785455465,0
BV/2017-Preiner-scholl-smt08/RND/RND_6_28.smt2,0.0031355060054920614,0
BV/2017-Preiner-scholl-smt08/RND/RND_6_29.smt2,0.0024289870052598417,0
BV/2017-Preiner-scholl-smt08/RND/RND_6_30.smt2,0.0022587039857171476,0
BV/2017-Preiner-scholl-smt08/RND/RND_6_33.smt2,0.004334732017014176,0
BV/2017-Preiner-scholl-smt08/RND/RND_6_36.smt2,0.007532992982305586,0
BV/2017-Preiner-scholl-smt08/RND/RND_6_40.smt2,0.00597452704096213,0
BV/2017-Preiner-scholl-smt08/RND/RND_6_6.smt2,0.0007923470111563802,0
BV/2017-Preiner-scholl-smt08/RND/RND_6_8.smt2,0.000666484993416816,0
BV/2017-Preiner-scholl-smt08/RND/RND_6_9.smt2,0.0008872519829310477,0
BV/2017-Preiner-scholl-smt08/RNDPRE/RNDPRE_3_10.smt2,0.0005243750056251884,0
BV/2017-Preiner-scholl-smt08/RNDPRE/RNDPRE_3_12.smt2,0.0006198189803399146,0
BV/2017-Preiner-scholl-smt08/RNDPRE/RNDPRE_3_16.smt2,0.0006724069826304913,0
BV/2017-Preiner-scholl-smt08/RNDPRE/RNDPRE_3_17.smt2,0.00048637500731274486,0
BV/2017-Preiner-scholl-smt08/RNDPRE/RNDPRE_3_2.smt2,0.0005275710136629641,0
BV/2017-Preiner-scholl-smt08/RNDPRE/RNDPRE_3_20.smt2,0.0005166899645701051,0
BV/2017-Preiner-scholl-smt08/RNDPRE/RNDPRE_3_21.smt2,0.0007296020048670471,0
BV/2017-Preiner-scholl-smt08/RNDPRE/RNDPRE_3_26.smt2,0.0005400030058808625,0
BV/2017-Preiner-scholl-smt08/RNDPRE/RNDPRE_3_29.smt2,0.0007125209667719901,0
BV/2017-Preiner-scholl-smt08/RNDPRE/RNDPRE_3_30.smt2,0.000592390017118305,0
BV/2017-Preiner-scholl-smt08/RNDPRE/RNDPRE_3_33.smt2,0.0005640169838443398,0
BV/2017-Preiner-scholl-smt08/RNDPRE/RNDPRE_3_34.smt2,0.0008590590441599488,0
BV/2017-Preiner-scholl-smt08/RNDPRE/RNDPRE_3_35.smt2,0.0009260730003006756,0
BV/2017-Preiner-scholl-smt08/RNDPRE/RNDPRE_3_37.smt2,0.0006169750122353435,0
BV/2017-Preiner-scholl-smt08/RNDPRE/RNDPRE_3_39.smt2,0.0010283609735779464,0
BV/2017-Preiner-scholl-smt08/RNDPRE/RNDPRE_3_4.smt2,0.00048188603250309825,0
BV/2017-Preiner-scholl-smt08/RNDPRE/RNDPRE_3_43.smt2,0.0007019609911367297,0
BV/2017-Preiner-scholl-smt08/RNDPRE/RNDPRE_3_44.smt2,0.0011722660274244845,0
BV/2017-Preiner-scholl-smt08/RNDPRE/RNDPRE_3_46.smt2,0.0008170930086635053,0
BV/2017-Preiner-scholl-smt08/RNDPRE/RNDPRE_3_48.smt2,0.0009406899916939437,0
BV/2017-Preiner-scholl-smt08/RNDPRE/RNDPRE_3_5.smt2,0.0005050090258009732,0
BV/2017-Preiner-scholl-smt08/RNDPRE/RNDPRE_3_50.smt2,0.0011011449969373643,0
BV/2017-Preiner-scholl-smt08/RNDPRE/RNDPRE_3_51.smt2,0.0030634229769930243,0
BV/2017-Preiner-scholl-smt08/RNDPRE/RNDPRE_3_52.smt2,0.003035161003936082,0
BV/2017-Preiner-scholl-smt08/RNDPRE/RNDPRE_3_53.smt2,0.0012381660053506494,0
BV/2017-Preiner-scholl-smt08/RNDPRE/RNDPRE_3_54.smt2,0.0025279379915446043,0
BV/2017-Preiner-scholl-smt08/RNDPRE/RNDPRE_3_55.smt2,0.0030255240271799266,0
BV/2017-Preiner-scholl-smt08/RNDPRE/RNDPRE_3_56.smt2,0.0032941880053840578,0
BV/2017-Preiner-scholl-smt08/RNDPRE/RNDPRE_3_58.smt2,0.0011758419568650424,0
BV/2017-Preiner-scholl-smt08/RNDPRE/RNDPRE_3_59.smt2,0.0020764090004377067,0
BV/2017-Preiner-scholl-smt08/RNDPRE/RNDPRE_3_6.smt2,0.0007586349966004491,0
BV/2017-Preiner-scholl-smt08/RNDPRE/RNDPRE_3_60.smt2,0.006076744990423322,0
BV/2017-Preiner-scholl-smt08/RNDPRE/RNDPRE_3_9.smt2,0.002475583052728325,0
BV/2017-Preiner-scholl-smt08/RNDPRE/RNDPRE_4_12.smt2,0.0014365920214913785,0
BV/2017-Preiner-scholl-smt08/RNDPRE/RNDPRE_4_16.smt2,0.001333672960754484,0
BV/2017-Preiner-scholl-smt08/RNDPRE/RNDPRE_4_2.smt2,0.0013030960108153522,0
BV/2017-Preiner-scholl-smt08/RNDPRE/RNDPRE_4_27.smt2,0.0010868390090763569,0
BV/2017-Preiner-scholl-smt08/RNDPRE/RNDPRE_4_30.smt2,0.0015102769830264151,0
BV/2017-Preiner-scholl-smt08/RNDPRE/RNDPRE_4_31.smt2,0.0017681309836916625,0
BV/2017-Preiner-scholl-smt08/RNDPRE/RNDPRE_4_32.smt2,0.0017700750031508505,0
BV/2017-Preiner-scholl-smt08/RNDPRE/RNDPRE_4_33.smt2,0.0010097570484504104,0
BV/2017-Preiner-scholl-smt08/RNDPRE/RNDPRE_4_35.smt2,0.001614518987480551,0
BV/2017-Preiner-scholl-smt08/RNDPRE/RNDPRE_4_36.smt2,0.0017703859484754503,0
BV/2017-Preiner-scholl-smt08/RNDPRE/RNDPRE_4_37.smt2,0.0011134280357509851,0
BV/2017-Preiner-scholl-smt08/RNDPRE/RNDPRE_4_38.smt2,0.0009114660206250846,0
BV/2017-Preiner-scholl-smt08/RNDPRE/RNDPRE_4_4.smt2,0.0007560810190625489,0
BV/2017-Preiner-scholl-smt08/RNDPRE/RNDPRE_4_40.smt2,0.0016871030093170702,0
BV/2017-Preiner-scholl-smt08/RNDPRE/RNDPRE_4_41.smt2,0.00219197099795565,0
BV/2017-Preiner-scholl-smt08/RNDPRE/RNDPRE_4_49.smt2,0.0019408490043133497,0
BV/2017-Preiner-scholl-smt08/RNDPRE/RNDPRE_4_50.smt2,0.002417205017991364,0
BV/2017-Preiner-scholl-smt08/RNDPRE/RNDPRE_4_52.smt2,0.005625866004265845,0
BV/2017-Preiner-scholl-smt08/RNDPRE/RNDPRE_4_53.smt2,0.0023215890396386385,0
BV/2017-Preiner-scholl-smt08/RNDPRE/RNDPRE_4_54.smt2,0.004651604976970702,0
BV/2017-Preiner-scholl-smt08/RNDPRE/RNDPRE_4_55.smt2,0.0058847820037044585,0
BV/2017-Preiner-scholl-smt08/RNDPRE/RNDPRE_4_57.smt2,0.003131008008494973,0
BV/2017-Preiner-scholl-smt08/RNDPRE/RNDPRE_4_58.smt2,0.002103999024257064,0
BV/2017-Preiner-scholl-smt08/RNDPRE/RNDPRE_4_59.smt2,0.003462687018327415,0
BV/2017-Preiner-scholl-smt08/RNDPRE/RNDPRE_4_62.smt2,0.012349241005722433,0
BV/2017-Preiner-scholl-smt08/RNDPRE/RNDPRE_4_66.smt2,0.013655401999130845,0
BV/2017-Preiner-scholl-smt08/RNDPRE/RNDPRE_4_68.smt2,0.004735107999294996,0
BV/2017-Preiner-scholl-smt08/RNDPRE/RNDPRE_4_9.smt2,0.001176554011180997,0
BV/2017-Preiner-scholl-smt08/model/model_5_1.smt2,0.0009138809982687235,0
BV/2017-Preiner-scholl-smt08/model/model_5_10.smt2,0.000987635983619839,0
BV/2017-Preiner-scholl-smt08/model/model_5_11.smt2,0.0008739680051803589,0
BV/2017-Preiner-scholl-smt08/model/model_5_14.smt2,0.0008051210315898061,0
BV/2017-Preiner-scholl-smt08/model/model_5_17.smt2,0.0008684769854880869,0
BV/2017-Preiner-scholl-smt08/model/model_5_22.smt2,0.0008235140121541917,0
BV/2017-Preiner-scholl-smt08/model/model_5_25.smt2,0.0007911749999038875,0
BV/2017-Preiner-scholl-smt08/model/model_5_3.smt2,0.0006849290220998228,0
BV/2017-Preiner-scholl-smt08/model/model_5_33.smt2,0.001348109042737633,0
BV/2017-Preiner-scholl-smt08/model/model_5_34.smt2,0.0018697679624892771,0
BV/2017-Preiner-scholl-smt08/model/model_5_35.smt2,0.0018514249823056161,0
BV/2017-Preiner-scholl-smt08/model/model_5_36.smt2,0.001867363986093551,0
BV/2017-Preiner-scholl-smt08/model/model_5_37.smt2,0.0019134180038236082,0
BV/2017-Preiner-scholl-smt08/model/model_5_38.smt2,0.0019124970422126353,0
BV/2017-Preiner-scholl-smt08/model/model_5_39.smt2,0.0018387620220892131,0
BV/2017-Preiner-scholl-smt08/model/model_5_42.smt2,0.001490732014644891,0
BV/2017-Preiner-scholl-smt08/model/model_5_49.smt2,0.0011130670318379998,0
BV/2017-Preiner-scholl-smt08/model/model_5_5.smt2,0.0006672070012427866,0
BV/2017-Preiner-scholl-smt08/model/model_5_50.smt2,0.0011430520098656416,0
BV/2017-Preiner-scholl-smt08/model/model_5_59.smt2,0.0010089449933730066,0
BV/2017-Preiner-scholl-smt08/model/model_5_62.smt2,0.0014524809666909277,0
BV/2017-Preiner-scholl-smt08/model/model_5_63.smt2,0.0010925489477813244,0
BV/2017-Preiner-scholl-smt08/model/model_5_64.smt2,0.0009169470285996795,0
BV/2017-Preiner-scholl-smt08/model/model_5_7.smt2,0.0005118109984323382,0
BV/2017-Preiner-scholl-smt08/model/model_5_8.smt2,0.0004769879742525518,0
BV/2017-Preiner-scholl-smt08/model/model_5_9.smt2,0.00046847102930769324,0
BV/2017-Preiner-scholl-smt08/model/model_6_11.smt2,0.0004811950493603945,0
BV/2017-Preiner-scholl-smt08/model/model_6_12.smt2,0.000621573009993881,0
BV/2017-Preiner-scholl-smt08/model/model_6_15.smt2,0.000502114009577781,0
BV/2017-Preiner-scholl-smt08/model/model_6_17.smt2,0.0005280409823171794,0
BV/2017-Preiner-scholl-smt08/model/model_6_2.smt2,0.0005985299940221012,0
BV/2017-Preiner-scholl-smt08/model/model_6_21.smt2,0.0005415860214270651,0
BV/2017-Preiner-scholl-smt08/model/model_6_22.smt2,0.0005896639777347445,0
BV/2017-Preiner-scholl-smt08/model/model_6_24.smt2,0.0007170180324465036,0
BV/2017-Preiner-scholl-smt08/model/model_6_26.smt2,0.0006745999562554061,0
BV/2017-Preiner-scholl-smt08/model/model_6_27.smt2,0.0005366370314732194,0
BV/2017-Preiner-scholl-smt08/model/model_6_28.smt2,0.0007380869938060641,0
BV/2017-Preiner-scholl-smt08/model/model_6_3.smt2,0.0005920690018683672,0
BV/2017-Preiner-scholl-smt08/model/model_6_31.smt2,0.0006724870181642473,0
BV/2017-Preiner-scholl-smt08/model/model_6_33.smt2,0.000610541959758848,0
BV/2017-Preiner-scholl-smt08/model/model_6_38.smt2,0.0006533919950015843,0
BV/2017-Preiner-scholl-smt08/model/model_6_4.smt2,0.0006000630091875792,0
BV/2017-Preiner-scholl-smt08/model/model_6_40.smt2,0.0006252899765968323,0
BV/2017-Preiner-scholl-smt08/model/model_6_44.smt2,0.0007380669703707099,0
BV/2017-Preiner-scholl-smt08/model/model_6_47.smt2,0.0006153220310807228,0
BV/2017-Preiner-scholl-smt08/model/model_6_5.smt2,0.0005194050027057528,0
BV/2017-Preiner-scholl-smt08/model/model_6_51.smt2,0.0006258809589780867,0
BV/2017-Preiner-scholl-smt08/model/model_6_52.smt2,0.0006227659760043025,0
BV/2017-Preiner-scholl-smt08/model/model_6_53.smt2,0.0006354379584081471,0
BV/2017-Preiner-scholl-smt08/model/model_6_55.smt2,0.0006424409803003073,0
BV/2017-Preiner-scholl-smt08/model/model_6_56.smt2,0.0006973420386202633,0
BV/2017-Preiner-scholl-smt08/model/model_6_58.smt2,0.0006590220145881176,0
BV/2017-Preiner-scholl-smt08/model/model_6_60.smt2,0.0005979799898341298,0
BV/2017-Preiner-scholl-smt08/model/model_6_67.smt2,0.0007570930174551904,0
BV/2017-Preiner-scholl-smt08/model/model_6_69.smt2,0.0008865900454111397,0
BV/2017-Preiner-scholl-smt08/model/model_6_76.smt2,0.001020075986161828,0
BV/2017-Preiner-scholl-smt08/model/model_6_8.smt2,0.0006639410275965929,0
BV/2017-Preiner-scholl-smt08/model/model_6_9.smt2,0.0007218869868665934,0
BV/2017-Preiner-tptp/NUM917=1.smt2,0.0006061039748601615,0
BV/20170501-Heizmann-UltimateAutomizer/MultCommutative_true-unreach-call_true-no-overflow_true-termination.c_2674.smt2,0.0007134019979275763,0
BV/20170501-Heizmann-UltimateAutomizer/MultCommutative_true-unreach-call_true-no-overflow_true-termination.c_3226.smt2,0.000611374038271606,0
BV/20170501-Heizmann-UltimateAutomizer/MultCommutative_true-unreach-call_true-no-overflow_true-termination.c_3235.smt2,0.0005624639452435076,0
BV/20170501-Heizmann-UltimateAutomizer/gcd_2_true-unreach-call_true-no-overflow.i_921.smt2,0.0006031990051269531,0
BV/20170501-Heizmann-UltimateAutomizer/gcd_3_true-unreach-call_true-no-overflow.i_1105.smt2,0.0005917680100537837,0
BV/20170501-Heizmann-UltimateAutomizer/jain_1_true-unreach-call_true-no-overflow.i_214.smt2,0.0005438500083982944,0
BV/20170501-Heizmann-UltimateAutomizer/jain_1_true-unreach-call_true-no-overflow.i_407.smt2,0.0005383300012908876,0
BV/20170501-Heizmann-UltimateAutomizer/jain_1_true-unreach-call_true-no-overflow.i_408.smt2,0.0005463350098580122,0
BV/20170501-Heizmann-UltimateAutomizer/jain_1_true-unreach-call_true-no-overflow.i_409.smt2,0.0005667119985446334,0
BV/20170501-Heizmann-UltimateAutomizer/jain_1_true-unreach-call_true-no-overflow.i_435.smt2,0.0006711140158586204,0
BV/20170501-Heizmann-UltimateAutomizer/jain_2_true-unreach-call_true-no-overflow.i_223.smt2,0.000617054000031203,0
BV/20170501-Heizmann-UltimateAutomizer/jain_2_true-unreach-call_true-no-overflow.i_228.smt2,0.0006137890159152448,0
BV/20170501-Heizmann-UltimateAutomizer/jain_2_true-unreach-call_true-no-overflow.i_230.smt2,0.0005846050335094333,0
BV/20170501-Heizmann-UltimateAutomizer/jain_2_true-unreach-call_true-no-overflow.i_341.smt2,0.0006399169797077775,0
BV/20170501-Heizmann-UltimateAutomizer/jain_2_true-unreach-call_true-no-overflow.i_342.smt2,0.0005513139767572284,0
BV/20170501-Heizmann-UltimateAutomizer/jain_2_true-unreach-call_true-no-overflow.i_433.smt2,0.0005485389847308397,0
BV/20170501-Heizmann-UltimateAutomizer/jain_2_true-unreach-call_true-no-overflow.i_434.smt2,0.0005600699805654585,0
BV/20170501-Heizmann-UltimateAutomizer/jain_2_true-unreach-call_true-no-overflow.i_435.smt2,0.0005666630459018052,0
BV/20170501-Heizmann-UltimateAutomizer/jain_2_true-unreach-call_true-no-overflow.i_436.smt2,0.0005610120133496821,0
BV/20170501-Heizmann-UltimateAutomizer/jain_2_true-unreach-call_true-no-overflow.i_461.smt2,0.0005772609729319811,0
BV/20170501-Heizmann-UltimateAutomizer/jain_2_true-unreach-call_true-no-overflow.i_464.smt2,0.0006052030366845429,0
BV/20170501-Heizmann-UltimateAutomizer/jain_2_true-unreach-call_true-no-overflow.i_469.smt2,0.0005675639840774238,0
BV/20170501-Heizmann-UltimateAutomizer/jain_4_true-unreach-call_true-no-overflow.i_198.smt2,0.0005591289955191314,0
BV/20170501-Heizmann-UltimateAutomizer/jain_4_true-unreach-call_true-no-overflow.i_200.smt2,0.0006009549833834171,0
BV/20170501-Heizmann-UltimateAutomizer/jain_4_true-unreach-call_true-no-overflow.i_225.smt2,0.0005924489814788103,0
BV/20170501-Heizmann-UltimateAutomizer/jain_4_true-unreach-call_true-no-overflow.i_230.smt2,0.0006188380066305399,0
BV/20170501-Heizmann-UltimateAutomizer/jain_4_true-unreach-call_true-no-overflow.i_266.smt2,0.0005597189883701503,0
BV/20170501-Heizmann-UltimateAutomizer/jain_4_true-unreach-call_true-no-overflow.i_342.smt2,0.0006098909652791917,0
BV/20170501-Heizmann-UltimateAutomizer/jain_4_true-unreach-call_true-no-overflow.i_433.smt2,0.0005964069860056043,0
BV/20170501-Heizmann-UltimateAutomizer/jain_4_true-unreach-call_true-no-overflow.i_435.smt2,0.0005780429928563535,0
BV/20170501-Heizmann-UltimateAutomizer/jain_4_true-unreach-call_true-no-overflow.i_436.smt2,0.0006225749966688454,0
BV/20170501-Heizmann-UltimateAutomizer/jain_4_true-unreach-call_true-no-overflow.i_461.smt2,0.0005997229600325227,0
BV/20170501-Heizmann-UltimateAutomizer/jain_4_true-unreach-call_true-no-overflow.i_462.smt2,0.0006314009660854936,0
BV/20170501-Heizmann-UltimateAutomizer/jain_6_true-unreach-call_true-no-overflow.i_200.smt2,0.0005721430061385036,0
BV/20170501-Heizmann-UltimateAutomizer/jain_6_true-unreach-call_true-no-overflow.i_225.smt2,0.000587229966185987,0
BV/20170501-Heizmann-UltimateAutomizer/jain_6_true-unreach-call_true-no-overflow.i_340.smt2,0.0005528160254471004,0
BV/20170501-Heizmann-UltimateAutomizer/jain_6_true-unreach-call_true-no-overflow.i_387.smt2,0.0006895179976709187,0
BV/20170501-Heizmann-UltimateAutomizer/jain_6_true-unreach-call_true-no-overflow.i_431.smt2,0.000655425013974309,0
BV/20170501-Heizmann-UltimateAutomizer/jain_6_true-unreach-call_true-no-overflow.i_432.smt2,0.000675791990943253,0
BV/20170501-Heizmann-UltimateAutomizer/jain_6_true-unreach-call_true-no-overflow.i_433.smt2,0.0005359560018405318,0
BV/20170501-Heizmann-UltimateAutomizer/jain_6_true-unreach-call_true-no-overflow.i_434.smt2,0.000508804980199784,0
BV/20170501-Heizmann-UltimateAutomizer/jain_6_true-unreach-call_true-no-overflow.i_459.smt2,0.000530885998159647,0
BV/20170501-Heizmann-UltimateAutomizer/jain_6_true-unreach-call_true-no-overflow.i_460.smt2,0.0005270189722068608,0
BV/20170501-Heizmann-UltimateAutomizer/jain_6_true-unreach-call_true-no-overflow.i_58.smt2,0.0004737009876407683,0
BV/20170501-Heizmann-UltimateAutomizer/jain_7_true-unreach-call_true-no-overflow.i_240.smt2,0.0005387209821492434,0
BV/20170501-Heizmann-UltimateAutomizer/jain_7_true-unreach-call_true-no-overflow.i_250.smt2,0.0005156889674253762,0
BV/20170501-Heizmann-UltimateAutomizer/jain_7_true-unreach-call_true-no-overflow.i_253.smt2,0.0005361760267987847,0
BV/20170501-Heizmann-UltimateAutomizer/jain_7_true-unreach-call_true-no-overflow.i_259.smt2,0.0004638530081138015,0
BV/20170501-Heizmann-UltimateAutomizer/jain_7_true-unreach-call_true-no-overflow.i_306.smt2,0.0004994990304112434,0
BV/20170501-Heizmann-UltimateAutomizer/jain_7_true-unreach-call_true-no-overflow.i_307.smt2,0.0004812849801965058,0
BV/20170501-Heizmann-UltimateAutomizer/jain_7_true-unreach-call_true-no-overflow.i_382.smt2,0.0004556379863061011,0
BV/20170501-Heizmann-UltimateAutomizer/jain_7_true-unreach-call_true-no-overflow.i_383.smt2,0.0005448820302262902,0
BV/20170501-Heizmann-UltimateAutomizer/jain_7_true-unreach-call_true-no-overflow.i_431.smt2,0.00046473497059196234,0
BV/20170501-Heizmann-UltimateAutomizer/jain_7_true-unreach-call_true-no-overflow.i_475.smt2,0.00048266799421980977,0
BV/20170501-Heizmann-UltimateAutomizer/jain_7_true-unreach-call_true-no-overflow.i_476.smt2,0.0004695130046457052,0
BV/20170501-Heizmann-UltimateAutomizer/jain_7_true-unreach-call_true-no-overflow.i_61.smt2,0.00048428995069116354,0
BV/20170501-Heizmann-UltimateAutomizer/jain_7_true-unreach-call_true-no-overflow.i_70.smt2,0.0005003910046070814,0
BV/20170501-Heizmann-UltimateAutomizer/sum02_false-unreach-call_true-no-overflow.c_415.smt2,0.000635207979939878,0
BV/20170501-Heizmann-UltimateAutomizer/sum02_false-unreach-call_true-no-overflow.i_336.smt2,0.0005361660150811076,0
BV/20170501-Heizmann-UltimateAutomizer/sum02_true-unreach-call_true-no-overflow.i_415.smt2,0.0006344970315694809,0
BV/20170501-Heizmann-UltimateAutomizer/verisec_sendmail__tTflag_arr_one_loop_false-unreach-call.i_1353.smt2,0.0006756119546480477,0
BV/20170501-Heizmann-UltimateAutomizer/verisec_sendmail__tTflag_arr_one_loop_false-unreach-call.i_2400.smt2,0.0007359039736911654,0
BV/2018-Preiner-cav18/check_bvsge_bvashr0_4bit.smt2,0.0004838700406253338,0
BV/2018-Preiner-cav18/check_bvsge_bvashr0_64bit.smt2,0.0004731300286948681,0
BV/2018-Preiner-cav18/check_bvsge_bvmul_32bit.smt2,0.00048071396304294467,0
BV/2018-Preiner-cav18/check_bvsge_bvmul_64bit.smt2,0.0004711860092356801,0
BV/2018-Preiner-cav18/check_bvsge_bvshl0_32bit.smt2,0.0004850210389122367,0
BV/2018-Preiner-cav18/check_bvsge_bvudiv0_32bit.smt2,0.0004836599691770971,0
BV/2018-Preiner-cav18/check_bvsge_bvudiv0_64bit.smt2,0.0004488549893721938,0
BV/2018-Preiner-cav18/check_bvsge_bvudiv1_64bit.smt2,0.00043589097913354635,0
BV/2018-Preiner-cav18/check_bvsge_bvurem0_32bit.smt2,0.0004912029835395515,0
BV/2018-Preiner-cav18/check_bvsge_bvurem0_64bit.smt2,0.0006245889817364514,0
BV/2018-Preiner-cav18/check_bvsge_bvurem1_32bit.smt2,0.0006326140137389302,0
BV/2018-Preiner-cav18/check_bvsgt_bvand_32bit.smt2,0.0005460749962367117,0
BV/2018-Preiner-cav18/check_bvsgt_bvand_64bit.smt2,0.0005097480025142431,0
BV/2018-Preiner-cav18/check_bvsgt_bvconcat1_34_32bit.smt2,0.0004582530236802995,0
BV/2018-Preiner-cav18/check_bvsgt_bvconcat1_62_4bit.smt2,0.00045400497037917376,0
BV/2018-Preiner-cav18/check_bvsgt_bvconcat1_64_64bit.smt2,0.0004385359934531152,0
BV/2018-Preiner-cav18/check_bvsgt_bvlshr0_4bit.smt2,0.00042632402619346976,0
BV/2018-Preiner-cav18/check_bvsgt_bvlshr0_64bit.smt2,0.0004346800269559026,0
BV/2018-Preiner-cav18/check_bvsgt_bvlshr1_32bit.smt2,0.0005228110239841044,0
BV/2018-Preiner-cav18/check_bvsgt_bvlshr1_64bit.smt2,0.0005284619983285666,0
BV/2018-Preiner-cav18/check_bvsgt_bvmul_32bit.smt2,0.0005327300168573856,0
BV/2018-Preiner-cav18/check_bvsgt_bvmul_64bit.smt2,0.0006186779937706888,0
BV/2018-Preiner-cav18/check_bvsgt_bvshl0_64bit.smt2,0.0005404229741543531,0
BV/2018-Preiner-cav18/check_bvsgt_bvurem0_32bit.smt2,0.0005177030107006431,0
BV/2018-Preiner-cav18/check_bvsgt_bvurem1_32bit.smt2,0.0005369079881347716,0
BV/2018-Preiner-cav18/check_bvsgt_bvurem1_4bit.smt2,0.0006262509850785136,0
BV/2018-Preiner-cav18/check_bvsgt_bvurem1_64bit.smt2,0.0005170810036361217,0
BV/2018-Preiner-cav18/check_bvsle_bvashr0_32bit.smt2,0.0004877569735981524,0
BV/2018-Preiner-cav18/check_bvsle_bvashr1_32bit.smt2,0.0004928060225211084,0
BV/2018-Preiner-cav18/check_bvsle_bvashr1_64bit.smt2,0.0005325800157152116,0
BV/2018-Preiner-cav18/check_bvsle_bvlshr0_32bit.smt2,0.000499839021358639,0
BV/2018-Preiner-cav18/check_bvsle_bvlshr0_4bit.smt2,0.0005074829678051174,0
BV/2018-Preiner-cav18/check_bvsle_bvlshr0_64bit.smt2,0.0005582569865509868,0
BV/2018-Preiner-cav18/check_bvsle_bvlshr1_32bit.smt2,0.00048436003271490335,0
BV/2018-Preiner-cav18/check_bvsle_bvlshr1_64bit.smt2,0.00047927198465913534,0
BV/2018-Preiner-cav18/check_bvsle_bvmul_32bit.smt2,0.0005398030043579638,0
BV/2018-Preiner-cav18/check_bvsle_bvmul_64bit.smt2,0.0005603699828498065,0
BV/2018-Preiner-cav18/check_bvsle_bvshl1_64bit.smt2,0.0006333839846774936,0
BV/2018-Preiner-cav18/check_bvsle_bvudiv1_64bit.smt2,0.0005065909936092794,0
BV/2018-Preiner-cav18/check_bvsle_bvurem1_32bit.smt2,0.0006674379692412913,0
BV/2018-Preiner-cav18/check_bvslt_bvadd_32bit.smt2,0.0006101119797676802,0
BV/2018-Preiner-cav18/check_bvslt_bvadd_64bit.smt2,0.0005559420096687973,0
BV/2018-Preiner-cav18/check_bvslt_bvashr0_64bit.smt2,0.0005930300103500485,0
BV/2018-Preiner-cav18/check_bvslt_bvlshr0_64bit.smt2,0.0006053429679013789,0
BV/2018-Preiner-cav18/check_bvslt_bvmul_32bit.smt2,0.0005479080136865377,0
BV/2018-Preiner-cav18/check_bvslt_bvshl1_32bit.smt2,0.0005600399454124272,0
BV/2018-Preiner-cav18/check_bvslt_bvshl1_64bit.smt2,0.0005272600101307034,0
BV/2018-Preiner-cav18/check_bvslt_bvudiv0_32bit.smt2,0.00048513198271393776,0
BV/2018-Preiner-cav18/check_bvslt_bvudiv1_64bit.smt2,0.0005312369903549552,0
BV/2018-Preiner-cav18/check_bvslt_bvurem0_32bit.smt2,0.0005326500395312905,0
BV/2018-Preiner-cav18/check_bvslt_bvurem0_4bit.smt2,0.00048440101090818644,0
BV/2018-Preiner-cav18/check_bvslt_bvurem0_64bit.smt2,0.0006646320107392967,0
BV/2018-Preiner-cav18/check_bvslt_bvurem1_64bit.smt2,0.000619067985098809,0
BV/2018-Preiner-cav18/check_bvuge_bvconcat0_2_64bit.smt2,0.0005228419904597104,0
BV/2018-Preiner-cav18/check_bvuge_bvconcat0_34_32bit.smt2,0.0005372989689931273,0
BV/2018-Preiner-cav18/check_bvuge_bvconcat0_64_64bit.smt2,0.0005920479889027774,0
BV/2018-Preiner-cav18/check_bvuge_bvlshr1_64bit.smt2,0.0005060500116087496,0
BV/2018-Preiner-cav18/check_bvuge_bvshl1_32bit.smt2,0.0005357449990697205,0
BV/2018-Preiner-cav18/check_bvuge_bvshl1_64bit.smt2,0.0006729370215907693,0
BV/2018-Preiner-cav18/check_bvuge_bvurem0_32bit.smt2,0.0005294329603202641,0
BV/2018-Preiner-cav18/check_bvuge_bvurem1_64bit.smt2,0.0006641110521741211,0
BV/2018-Preiner-cav18/check_bvugt_bvashr0_4bit.smt2,0.0005438100197352469,0
BV/2018-Preiner-cav18/check_bvugt_bvashr0_64bit.smt2,0.000528161006513983,0
BV/2018-Preiner-cav18/check_bvugt_bvashr1_64bit.smt2,0.0005149570060893893,0
BV/2018-Preiner-cav18/check_bvugt_bvconcat0_2_64bit.smt2,0.0004859839682467282,0
BV/2018-Preiner-cav18/check_bvugt_bvconcat0_62_4bit.smt2,0.0005163699970580637,0
BV/2018-Preiner-cav18/check_bvugt_bvconcat0_64_64bit.smt2,0.0004796819994226098,0
BV/2018-Preiner-cav18/check_bvugt_bvconcat1_64_64bit.smt2,0.0005486890440806746,0
BV/2018-Preiner-cav18/check_bvugt_bvlshr1_64bit.smt2,0.0006155420560389757,0
BV/2018-Preiner-cav18/check_bvugt_bvmul_32bit.smt2,0.0005461450200527906,0
BV/2018-Preiner-cav18/check_bvugt_bvmul_64bit.smt2,0.000621342973317951,0
BV/2018-Preiner-cav18/check_bvugt_bvshl1_64bit.smt2,0.0012916949926875532,0
BV/2018-Preiner-cav18/check_bvugt_bvudiv0_32bit.smt2,0.0006381340208463371,0
BV/2018-Preiner-cav18/check_bvugt_bvudiv0_64bit.smt2,0.0005781829822808504,0
BV/2018-Preiner-cav18/check_bvugt_bvudiv1_32bit.smt2,0.0006978539749979973,0
BV/2018-Preiner-cav18/check_bvugt_bvudiv1_64bit.smt2,0.0006684300024062395,0
BV/2018-Preiner-cav18/check_bvugt_bvurem1_32bit.smt2,0.0006128769600763917,0
BV/2018-Preiner-cav18/check_bvule_bvashr1_32bit.smt2,0.0006526600336655974,0
BV/2018-Preiner-cav18/check_bvule_bvashr1_64bit.smt2,0.0005799760110676289,0
BV/2018-Preiner-cav18/check_bvult_bvadd_32bit.smt2,0.0006834269734099507,0
BV/2018-Preiner-cav18/check_bvult_bvadd_64bit.smt2,0.0006001939764246345,0
BV/2018-Preiner-cav18/check_bvult_bvashr0_32bit.smt2,0.0006148710381239653,0
BV/2018-Preiner-cav18/check_bvult_bvashr1_64bit.smt2,0.0006314609781838953,0
BV/2018-Preiner-cav18/check_bvult_bvudiv0_64bit.smt2,0.0005874209455214441,0
BV/2018-Preiner-cav18/check_bvult_bvurem1_64bit.smt2,0.0005653700209222734,0
BV/2018-Preiner-cav18/check_eq_bvadd_32bit.smt2,0.0005977999535389245,0
BV/2018-Preiner-cav18/check_eq_bvlshr0_64bit.smt2,0.0006442949525080621,0
BV/2018-Preiner-cav18/check_eq_bvmul_32bit.smt2,0.0005983210285194218,0
BV/2018-Preiner-cav18/check_eq_bvmul_64bit.smt2,0.0005016420036554337,0
BV/2018-Preiner-cav18/check_eq_bvneg_32bit.smt2,0.0004835589788854122,0
BV/2018-Preiner-cav18/check_eq_bvneg_64bit.smt2,0.0005391909508034587,0
BV/2018-Preiner-cav18/check_eq_bvshl0_32bit.smt2,0.0005896139773540199,0
BV/2018-Preiner-cav18/check_eq_bvshl0_64bit.smt2,0.000553758000023663,0
BV/2018-Preiner-cav18/check_eq_bvudiv0_64bit.smt2,0.000557224964722991,0
BV/2018-Preiner-cav18/check_eq_bvudiv1_64bit.smt2,0.0004661179846152663,0
BV/2018-Preiner-cav18/check_eq_bvurem1_64bit.smt2,0.00044662097934633493,0
BV/2018-Preiner-cav18/check_ne_bvudiv0_32bit.smt2,0.00043645204277709126,0
BV/2018-Preiner-cav18/check_ne_bvudiv0_64bit.smt2,0.0004659070400521159,0
BV/2018-Preiner-cav18/check_ne_bvudiv1_64bit.smt2,0.00046390300849452615,0
BV/2018-Preiner-cav18/check_ne_bvurem0_32bit.smt2,0.0005150170181877911,0
BV/2018-Preiner-cav18/check_ne_bvurem0_64bit.smt2,0.000521850015502423,0
BV/2018-Preiner-cav18/check_ne_bvurem1_32bit.smt2,0.00047894101589918137,0
BV/20190429-UltimateAutomizerSvcomp2019/float_req_bl_0730b_true-unreach-call.c_28.smt2,0.00046852201921865344,0
BV/20190429-UltimateAutomizerSvcomp2019/float_req_bl_0730b_true-unreach-call.c_31.smt2,0.0004385759821161628,0
BV/20190429-UltimateAutomizerSvcomp2019/float_req_bl_0730b_true-unreach-call.c_36.smt2,0.0004440460470505059,0
BV/20190429-UltimateAutomizerSvcomp2019/float_req_bl_0730b_true-unreach-call.c_38.smt2,0.00042713602306321263,0
BV/20190429-UltimateAutomizerSvcomp2019/gcd_3_true-unreach-call_true-no-overflow.i_0.smt2,0.0005563430022448301,0
BV/20190429-UltimateAutomizerSvcomp2019/jain_2_true-unreach-call_true-no-overflow_false-termination.i_1.smt2,0.0005202270112931728,0
BV/20190429-UltimateAutomizerSvcomp2019/jain_2_true-unreach-call_true-no-overflow_false-termination.i_11.smt2,0.0005264179781079292,0
BV/20190429-UltimateAutomizerSvcomp2019/jain_2_true-unreach-call_true-no-overflow_false-termination.i_12.smt2,0.0004765859921462834,0
BV/20190429-UltimateAutomizerSvcomp2019/jain_2_true-unreach-call_true-no-overflow_false-termination.i_13.smt2,0.0006381330313161016,0
BV/20190429-UltimateAutomizerSvcomp2019/jain_2_true-unreach-call_true-no-overflow_false-termination.i_14.smt2,0.0005019829841330647,0
BV/20190429-UltimateAutomizerSvcomp2019/jain_2_true-unreach-call_true-no-overflow_false-termination.i_15.smt2,0.0005179820000194013,0
BV/20190429-UltimateAutomizerSvcomp2019/jain_2_true-unreach-call_true-no-overflow_false-termination.i_17.smt2,0.0006460379809141159,0
BV/20190429-UltimateAutomizerSvcomp2019/jain_2_true-unreach-call_true-no-overflow_false-termination.i_19.smt2,0.0005260869511403143,0
BV/20190429-UltimateAutomizerSvcomp2019/jain_2_true-unreach-call_true-no-overflow_false-termination.i_2.smt2,0.0005460339598357677,0
BV/20190429-UltimateAutomizerSvcomp2019/jain_2_true-unreach-call_true-no-overflow_false-termination.i_9.smt2,0.0006068759830668569,0
BV/20190429-UltimateAutomizerSvcomp2019/jain_6_true-unreach-call_true-no-overflow_false-termination.i_1.smt2,0.000582901993766427,0
BV/20190429-UltimateAutomizerSvcomp2019/jain_6_true-unreach-call_true-no-overflow_false-termination.i_10.smt2,0.0006392350187525153,0
BV/20190429-UltimateAutomizerSvcomp2019/jain_6_true-unreach-call_true-no-overflow_false-termination.i_12.smt2,0.0005746560054831207,0
BV/20190429-UltimateAutomizerSvcomp2019/jain_6_true-unreach-call_true-no-overflow_false-termination.i_16.smt2,0.0005140949506312609,0
BV/20190429-UltimateAutomizerSvcomp2019/jain_6_true-unreach-call_true-no-overflow_false-termination.i_17.smt2,0.0005958960391581059,0
BV/20190429-UltimateAutomizerSvcomp2019/jain_6_true-unreach-call_true-no-overflow_false-termination.i_18.smt2,0.0005271689733490348,0
BV/20190429-UltimateAutomizerSvcomp2019/jain_6_true-unreach-call_true-no-overflow_false-termination.i_2.smt2,0.0005100279813632369,0
BV/20190429-UltimateAutomizerSvcomp2019/jain_6_true-unreach-call_true-no-overflow_false-termination.i_4.smt2,0.0005235320422798395,0
BV/20190429-UltimateAutomizerSvcomp2019/jain_6_true-unreach-call_true-no-overflow_false-termination.i_5.smt2,0.0005472960183396935,0
BV/20190429-UltimateAutomizerSvcomp2019/jain_6_true-unreach-call_true-no-overflow_false-termination.i_6.smt2,0.0005465750000439584,0
BV/20190429-UltimateAutomizerSvcomp2019/jain_6_true-unreach-call_true-no-overflow_false-termination.i_8.smt2,0.000523412018083036,0
BV/20190429-UltimateAutomizerSvcomp2019/jain_7_true-unreach-call_true-no-overflow_false-termination.i_10.smt2,0.000574567005969584,0
BV/20190429-UltimateAutomizerSvcomp2019/jain_7_true-unreach-call_true-no-overflow_false-termination.i_13.smt2,0.0006801299750804901,0
BV/20190429-UltimateAutomizerSvcomp2019/jain_7_true-unreach-call_true-no-overflow_false-termination.i_15.smt2,0.0005532769719138741,0
BV/20190429-UltimateAutomizerSvcomp2019/jain_7_true-unreach-call_true-no-overflow_false-termination.i_18.smt2,0.0006192789878696203,0
BV/20190429-UltimateAutomizerSvcomp2019/jain_7_true-unreach-call_true-no-overflow_false-termination.i_19.smt2,0.000513404025696218,0
BV/20190429-UltimateAutomizerSvcomp2019/jain_7_true-unreach-call_true-no-overflow_false-termination.i_21.smt2,0.000497706001624465,0
BV/20190429-UltimateAutomizerSvcomp2019/jain_7_true-unreach-call_true-no-overflow_false-termination.i_4.smt2,0.00046813098015263677,0
BV/20190429-UltimateAutomizerSvcomp2019/jain_7_true-unreach-call_true-no-overflow_false-termination.i_5.smt2,0.0004691130015999079,0
BV/20190429-UltimateAutomizerSvcomp2019/jain_7_true-unreach-call_true-no-overflow_false-termination.i_6.smt2,0.0005261269980110228,0
BV/20190429-UltimateAutomizerSvcomp2019/jain_7_true-unreach-call_true-no-overflow_false-termination.i_7.smt2,0.0006295479834079742,0
BV/20190429-UltimateAutomizerSvcomp2019/jain_7_true-unreach-call_true-no-overflow_false-termination.i_8.smt2,0.0005962160066701472,0
BV/20190429-UltimateAutomizerSvcomp2019/jain_7_true-unreach-call_true-no-overflow_false-termination.i_9.smt2,0.0005699180183000863,0
BV/20190429-UltimateAutomizerSvcomp2019/pals_lcr-var-start-time.6_true-unreach-call.ufo.UNBOUNDED.pals.c_1.smt2,0.000668909982778132,0
BV/20190429-UltimateAutomizerSvcomp2019/soft_float_4_true-unreach-call_true-no-overflow_true-termination.c.cil.c_0.smt2,0.0005626039928756654,0
BV/20190429-UltimateAutomizerSvcomp2019/soft_float_4_true-unreach-call_true-no-overflow_true-termination.c.cil.c_2.smt2,0.0005131830112077296,0
BV/20190429-UltimateAutomizerSvcomp2019/soft_float_4_true-unreach-call_true-no-overflow_true-termination.c.cil.c_3.smt2,0.0005404140101745725,0
BV/20190429-UltimateAutomizerSvcomp2019/soft_float_4_true-unreach-call_true-no-overflow_true-termination.c.cil.c_5.smt2,0.0004921650397591293,0
BV/20190429-UltimateAutomizerSvcomp2019/soft_float_4_true-unreach-call_true-no-overflow_true-termination.c.cil.c_7.smt2,0.0004914739984087646,0
BV/20190429-UltimateAutomizerSvcomp2019/soft_float_4_true-unreach-call_true-no-overflow_true-termination.c.cil.c_8.smt2,0.0005602700402960181,0
BV/20190429-UltimateAutomizerSvcomp2019/sum02_false-unreach-call_true-no-overflow.c_1.smt2,0.0007178100058808923,0
BV/20190429-UltimateAutomizerSvcomp2019/sum02_false-unreach-call_true-no-overflow.c_5.smt2,0.0006730480236001313,0
BV/2020-Preiner-fmcad20/cons/check_cc_bvadd_x_s_4.smt2,0.0007560799713246524,0
BV/2020-Preiner-fmcad20/cons/check_cc_bvadd_x_s_64.smt2,0.001053917978424579,0
BV/2020-Preiner-fmcad20/cons/check_cc_bvand_x_s_32.smt2,0.0008564549498260021,0
BV/2020-Preiner-fmcad20/cons/check_cc_bvand_x_s_4.smt2,0.0007622720440849662,0
BV/2020-Preiner-fmcad20/cons/check_cc_bvashr_x_s_32.smt2,0.0008814909961074591,0
BV/2020-Preiner-fmcad20/cons/check_cc_bvashr_x_s_64.smt2,0.001148392038885504,0
BV/2020-Preiner-fmcad20/cons/check_cc_bvlshr_s_x_32.smt2,0.000818334985524416,0
BV/2020-Preiner-fmcad20/cons/check_cc_bvlshr_s_x_4.smt2,0.0006212719599716365,0
BV/2020-Preiner-fmcad20/cons/check_cc_bvlshr_x_s_4.smt2,0.0005648690275847912,0
BV/2020-Preiner-fmcad20/cons/check_cc_bvsge_s_x_32.smt2,0.0007189220050349832,0
BV/2020-Preiner-fmcad20/cons/check_cc_bvsge_s_x_64.smt2,0.00098902900936082,0
BV/2020-Preiner-fmcad20/cons/check_cc_bvsge_x_s_32.smt2,0.0007978069479577243,0
BV/2020-Preiner-fmcad20/cons/check_cc_bvshl_s_x_4.smt2,0.0006134180002845824,0
BV/2020-Preiner-fmcad20/cons/check_cc_bvshl_x_s_32.smt2,0.0007564109982922673,0
BV/2020-Preiner-fmcad20/cons/check_cc_bvshl_x_s_64.smt2,0.001015557034406811,0
BV/2020-Preiner-fmcad20/cons/check_cc_bvslt_s_x_32.smt2,0.0008364680106751621,0
BV/2020-Preiner-fmcad20/cons/check_cc_bvslt_x_s_32.smt2,0.0007768989889882505,0
BV/2020-Preiner-fmcad20/cons/check_cc_bvslt_x_s_4.smt2,0.0007063790108077228,0
BV/2020-Preiner-fmcad20/cons/check_cc_bvuge_s_x_32.smt2,0.0008195969858206809,0
BV/2020-Preiner-fmcad20/cons/check_cc_bvuge_s_x_64.smt2,0.0010806069476529956,0
BV/2020-Preiner-fmcad20/cons/check_cc_bvuge_x_s_32.smt2,0.0008289249963127077,0
BV/2020-Preiner-fmcad20/cons/check_cc_bvuge_x_s_4.smt2,0.0007057280163280666,0
BV/2020-Preiner-fmcad20/cons/check_cc_bvult_x_s_32.smt2,0.0008780749631114304,0
BV/2020-Preiner-fmcad20/cons/check_cc_bvult_x_s_64.smt2,0.0009860140271484852,0
BV/2020-Preiner-fmcad20/cons/check_cc_bvxor_x_s_32.smt2,0.0007568919681943953,0
BV/2020-Preiner-fmcad20/cons/check_cc_concat_s_x_32.smt2,0.0008332019788213074,0
BV/2020-Preiner-fmcad20/cons/check_cc_concat_s_x_4.smt2,0.0006342160049825907,0
BV/2020-Preiner-fmcad20/cons/check_cc_concat_x_s_32.smt2,0.0008618959691375494,0
BV/2020-Preiner-fmcad20/cons/check_cc_distinct_x_s_32.smt2,0.0007424650248140097,0
BV/2020-Preiner-fmcad20/cons/check_cc_distinct_x_s_64.smt2,0.0010874500148929656,0
BV/2020-Preiner-fmcad20/cons/check_cc_udiv_s_x_32.smt2,0.0009302509715780616,0
BV/2020-Preiner-fmcad20/cons/check_cc_udiv_x_s_32.smt2,0.0009189699776470661,0
BV/2020-Preiner-fmcad20/cons/check_cc_udiv_x_s_64.smt2,0.0009731699828989804,0
BV/2020-Preiner-fmcad20/cons/check_cc_urem_x_s_32.smt2,0.0009039620053954422,0
BV/2020-Preiner-fmcad20/cons/check_cc_urem_x_s_4.smt2,0.000591487972997129,0
BV/2020-Preiner-fmcad20/cons/check_cc_x_s_32.smt2,0.000755269022192806,0
BV/2020-Preiner-fmcad20/cons/check_cc_x_s_64.smt2,0.0012044450268149376,0
BV/2020-Preiner-fmcad20/inv/check_ic_bvadd_x_s_32.smt2,0.0009247310226783156,0
BV/2020-Preiner-fmcad20/inv/check_ic_bvashr_x_s_4.smt2,0.0006773159839212894,0
BV/2020-Preiner-fmcad20/inv/check_ic_bvlshr_s_x_4.smt2,0.0006872540106996894,0
BV/2020-Preiner-fmcad20/inv/check_ic_bvlshr_x_s_32.smt2,0.0007610489847138524,0
BV/2020-Preiner-fmcad20/inv/check_ic_bvmul_x_s_4.smt2,0.0006283060065470636,0
BV/2020-Preiner-fmcad20/inv/check_ic_bvmul_x_s_64.smt2,0.0010375079582445323,0
BV/2020-Preiner-fmcad20/inv/check_ic_bvsge_s_x_32.smt2,0.000741062976885587,0
BV/2020-Preiner-fmcad20/inv/check_ic_bvsge_s_x_4.smt2,0.000614809978287667,0
BV/2020-Preiner-fmcad20/inv/check_ic_bvsge_s_x_64.smt2,0.0009749829769134521,0
BV/2020-Preiner-fmcad20/inv/check_ic_bvsge_x_s_32.smt2,0.0007997909560799599,0
BV/2020-Preiner-fmcad20/inv/check_ic_bvsge_x_s_4.smt2,0.0006854700041003525,0
BV/2020-Preiner-fmcad20/inv/check_ic_bvsge_x_s_64.smt2,0.0011130869970656931,0
BV/2020-Preiner-fmcad20/inv/check_ic_bvshl_s_x_32.smt2,0.00081415701424703,0
BV/2020-Preiner-fmcad20/inv/check_ic_bvshl_s_x_4.smt2,0.0005737249739468098,0
BV/2020-Preiner-fmcad20/inv/check_ic_bvshl_s_x_64.smt2,0.0009393470245413482,0
BV/2020-Preiner-fmcad20/inv/check_ic_bvshl_x_s_32.smt2,0.0007456309976987541,0
BV/2020-Preiner-fmcad20/inv/check_ic_bvshl_x_s_4.smt2,0.0005284619983285666,0
BV/2020-Preiner-fmcad20/inv/check_ic_bvslt_x_s_64.smt2,0.000950758985709399,0
BV/2020-Preiner-fmcad20/inv/check_ic_bvudiv_s_x_4.smt2,0.0005616930429823697,0
BV/2020-Preiner-fmcad20/inv/check_ic_bvuge_s_x_64.smt2,0.0008943650173023343,0
BV/2020-Preiner-fmcad20/inv/check_ic_bvuge_x_s_64.smt2,0.0008858590153977275,0
BV/2020-Preiner-fmcad20/inv/check_ic_bvult_s_x_32.smt2,0.0008512850035913289,0
BV/2020-Preiner-fmcad20/inv/check_ic_bvult_s_x_4.smt2,0.0007970859878696501,0
BV/2020-Preiner-fmcad20/inv/check_ic_bvult_x_s_64.smt2,0.0012290799641050398,0
BV/2020-Preiner-fmcad20/inv/check_ic_bvurem_s_x_32.smt2,0.001436210994143039,0
BV/2020-Preiner-fmcad20/inv/check_ic_bvurem_s_x_4.smt2,0.001920282025821507,0
BV/2020-Preiner-fmcad20/inv/check_ic_bvurem_s_x_64.smt2,0.00274156202794984,0
BV/2020-Preiner-fmcad20/inv/check_ic_bvurem_x_s_64.smt2,0.0016326330369338393,0
BV/2020-Preiner-fmcad20/inv/check_ic_bvxor_x_s_32.smt2,0.0026002219528891146,0
BV/2020-Preiner-fmcad20/inv/check_ic_concat_s_x_32.smt2,0.0014962709974497557,0
BV/2020-Preiner-fmcad20/inv/check_ic_concat_s_x_4.smt2,0.0009509979863651097,0
BV/2020-Preiner-fmcad20/inv/check_ic_concat_s_x_64.smt2,0.0015174899599514902,0
BV/2020-Preiner-fmcad20/inv/check_ic_concat_x_s_4.smt2,0.0008824029937386513,0
BV/2020-Preiner-fmcad20/inv/check_ic_concat_x_s_64.smt2,0.001337610010523349,0
BV/2020-Preiner-fmcad20/inv/check_ic_distinct_x_s_32.smt2,0.0010040359920822084,0
BV/2020-Preiner-fmcad20/inv/check_ic_distinct_x_s_4.smt2,0.0007329080253839493,0
BV/2020-Preiner-fmcad20/inv/check_ic_distinct_x_s_64.smt2,0.0014714960125274956,0
BV/2020-Preiner-fmcad20/inv/check_ic_sext_1_4.smt2,0.0009272560128010809,0
BV/2020-Preiner-fmcad20/inv/check_ic_sext_2_32.smt2,0.0010504020028747618,0
BV/2020-Preiner-fmcad20/inv/check_ic_sext_2_4.smt2,0.0007448099786415696,0
BV/2020-Preiner-fmcad20/inv/check_ic_sext_3_4.smt2,0.0008144280291162431,0
BV/2020-Preiner-fmcad20/inv/check_ic_sext_3_64.smt2,0.0014158239937387407,0
BV/2020-Preiner-fmcad20/inv/check_ic_sext_4_32.smt2,0.0009785700240172446,0
BV/2020-Preiner-fmcad20/inv/check_ic_sext_4_4.smt2,0.0007703069713898003,0
BV/2020-Preiner-fmcad20/inv/check_ic_sext_4_64.smt2,0.0013192060287110507,0
BV/2020-Preiner-fmcad20/inv/check_ic_x_s_4.smt2,0.0008277120068669319,0
BV/20210301-Alive2/oggenc/283_oggenc.smt2,0.04342106101103127,0
BV/20210301-Alive2/oggenc/363_oggenc.smt2,0.045559594000224024,0
BV/20210301-Alive2/oggenc/386_oggenc.smt2,0.026266725035384297,0
BV/20210301-Alive2-partial-undef/ph7/626_ph7.smt2,0.002063895983155817,0
BV/20210301-Alive2-partial-undef/ph7/659_ph7.smt2,0.0014230970409698784,0
BV/20210301-Alive2-partial-undef/sqlite3/773_sqlite3.smt2,0.001127394032664597,0
BV/20210330-PEak/extern-loop_sat_subset/hard0.smt2,0.4507195449550636,0
BV/20210330-PEak/extern-loop_sat_subset/hard1.smt2,1.567535133974161,0
BV/20210330-PEak/extern-loop_sat_subset/medium0.smt2,3.1740193809964694,0
BV/20210330-PEak/extern-loop_sat_subset/medium2.smt2,0.24126267101382837,0
BV/20210330-PEak/extern-loop_unsat_subset/easy.smt2,0.023483633005525917,0
BV/20210330-PEak/extern-loop_unsat_subset/medium.smt2,0.47317545604892075,0
BV/20210330-PEak/no-extern-loop_sat_subset/easy1.smt2,0.011278824997134507,0
BV/20210330-PEak/no-extern-loop_sat_subset/easy4.smt2,0.062118895002640784,0
BV/20210330-PEak/no-extern-loop_sat_subset/hard1.smt2,3.9950033979839645,0
BV/20210330-PEak/no-extern-loop_sat_subset/medium0.smt2,0.639071376004722,0
BV/20210330-PEak/no-extern-loop_sat_subset/medium1.smt2,0.311083224019967,0
BV/20210330-PEak/no-extern-loop_sat_subset/medium2.smt2,0.30753787502180785,0
BV/20210330-PEak/no-extern-loop_unsat_subset/easy.smt2,0.0038557430380024016,0
BV/20210330-PEak/no-extern-loop_unsat_subset/hard.smt2,0.3720629559829831,0
BV/20210330-PEak/no-extern-loop_unsat_subset/medium.smt2,0.015625764965079725,0
BV/20230321-UltimateAutomizerSvcomp2023/Primes.c_3.smt2,0.0011045519495382905,0
BV/20230321-UltimateAutomizerSvcomp2023/btor2c-eagerMod.bakery.1.prop1-func-interl.c_10.smt2,0.0020772420102730393,0
BV/20230321-UltimateAutomizerSvcomp2023/btor2c-eagerMod.bakery.1.prop1-func-interl.c_11.smt2,0.0023296959698200226,0
BV/20230321-UltimateAutomizerSvcomp2023/btor2c-eagerMod.bakery.1.prop1-func-interl.c_2.smt2,0.0020876400521956384,0
BV/20230321-UltimateAutomizerSvcomp2023/btor2c-eagerMod.bakery.1.prop1-func-interl.c_4.smt2,0.0022912549902684987,0
BV/20230321-UltimateAutomizerSvcomp2023/btor2c-eagerMod.cambridge.1.prop2-func-interl.c_2.smt2,0.0014732800191268325,0
BV/20230321-UltimateAutomizerSvcomp2023/btor2c-eagerMod.unsafe_arbitrated_fifos_n2d8w8.c_1.smt2,0.0006148910033516586,0
BV/20230321-UltimateAutomizerSvcomp2023/btor2c-eagerMod.vis_arrays_vsa16a_p6.c_5.smt2,0.0007503009983338416,0
BV/20230321-UltimateAutomizerSvcomp2023/btor2c-lazyMod.fischer.1.prop1-back-serstep.c_2.smt2,0.0011579199926927686,0
BV/20230321-UltimateAutomizerSvcomp2023/btor2c-lazyMod.protocols.1.prop1-func-interl.c_0.smt2,0.004262251022737473,0
BV/20230321-UltimateAutomizerSvcomp2023/heapsort.i_0.smt2,0.0005484889843501151,0
BV/20230321-UltimateAutomizerSvcomp2023/heapsort.i_2.smt2,0.0005016730283387005,0
BV/20230321-UltimateAutomizerSvcomp2023/heapsort.i_3.smt2,0.0004984060069546103,0
BV/20230321-UltimateAutomizerSvcomp2023/heapsort.i_6.smt2,0.0004503780510276556,0
BV/20230321-UltimateAutomizerSvcomp2023/heapsort.i_9.smt2,0.0009649450075812638,0
BV/20230321-UltimateAutomizerSvcomp2023/jain_2-2.c_0.smt2,0.0004716870025731623,0
BV/20230321-UltimateAutomizerSvcomp2023/jain_2-2.c_10.smt2,0.0004895909805782139,0
BV/20230321-UltimateAutomizerSvcomp2023/jain_2-2.c_3.smt2,0.00046571699203923345,0
BV/20230321-UltimateAutomizerSvcomp2023/jain_2-2.c_9.smt2,0.0004806250217370689,0
BV/20230321-UltimateAutomizerSvcomp2023/jain_4-1.c_1.smt2,0.00197285896865651,0
BV/20230321-UltimateAutomizerSvcomp2023/jain_4-1.c_11.smt2,0.0005259480094537139,0
BV/20230321-UltimateAutomizerSvcomp2023/jain_4-1.c_2.smt2,0.0004843909991905093,0
BV/20230321-UltimateAutomizerSvcomp2023/jain_4-1.c_4.smt2,0.00047661701682955027,0
BV/20230321-UltimateAutomizerSvcomp2023/jain_4-1.c_5.smt2,0.00046707899309694767,0
BV/20230321-UltimateAutomizerSvcomp2023/jain_4-1.c_7.smt2,0.0004923359956592321,0
BV/20230321-UltimateAutomizerSvcomp2023/jain_6-1.c_1.smt2,0.00045897404197603464,0
BV/20230321-UltimateAutomizerSvcomp2023/jain_6-1.c_10.smt2,0.0004719679709523916,0
BV/20230321-UltimateAutomizerSvcomp2023/jain_6-1.c_11.smt2,0.0005268389941193163,0
BV/20230321-UltimateAutomizerSvcomp2023/jain_6-1.c_2.smt2,0.0005107600009068847,0
BV/20230321-UltimateAutomizerSvcomp2023/jain_6-1.c_4.smt2,0.00048241799231618643,0
BV/20230321-UltimateAutomizerSvcomp2023/jain_6-1.c_5.smt2,0.0005492510390467942,0
BV/20230321-UltimateAutomizerSvcomp2023/jain_6-1.c_6.smt2,0.0005435089697130024,0
BV/20230321-UltimateAutomizerSvcomp2023/jain_6-1.c_7.smt2,0.000521097972523421,0
BV/20230321-UltimateAutomizerSvcomp2023/jain_6-1.c_8.smt2,0.00047150696627795696,0
BV/20230321-UltimateAutomizerSvcomp2023/jain_6-1.c_9.smt2,0.0004725190228782594,0
BV/20230321-UltimateAutomizerSvcomp2023/jain_7-1.c_0.smt2,0.00046136899618431926,0
BV/20230321-UltimateAutomizerSvcomp2023/jain_7-1.c_2.smt2,0.0005431390018202364,0
BV/20230321-UltimateAutomizerSvcomp2023/jain_7-1.c_3.smt2,0.0004679309786297381,0
BV/20230321-UltimateAutomizerSvcomp2023/jain_7-1.c_4.smt2,0.00046823197044432163,0
BV/20230321-UltimateAutomizerSvcomp2023/jain_7-1.c_5.smt2,0.0005289530381560326,0
BV/20230321-UltimateAutomizerSvcomp2023/jain_7-1.c_9.smt2,0.000483729992993176,0
BV/20230321-UltimateAutomizerSvcomp2023/jain_7-2.c_1.smt2,0.0004634130164049566,0
BV/20230321-UltimateAutomizerSvcomp2023/linear-inequality-inv-a.c_0.smt2,0.0004450990236364305,0
BV/20230321-UltimateAutomizerSvcomp2023/linear-inequality-inv-a.c_5.smt2,0.0004374550189822912,0
BV/20230321-UltimateAutomizerSvcomp2023/linear-inequality-inv-a.c_6.smt2,0.0004693240043707192,0
BV/20230321-UltimateAutomizerSvcomp2023/psyco_abp_1-2.c_2.smt2,0.0004131299792788923,0
BV/20230321-UltimateAutomizerSvcomp2023/soft_float_1-1.c.cil.c_0.smt2,0.0004386469954624772,0
BV/20230321-UltimateAutomizerSvcomp2023/soft_float_1-1.c.cil.c_10.smt2,0.00046161998761817813,0
BV/20230321-UltimateAutomizerSvcomp2023/soft_float_1-1.c.cil.c_2.smt2,0.0004333670367486775,0
BV/20230321-UltimateAutomizerSvcomp2023/soft_float_1-1.c.cil.c_3.smt2,0.00046921399189159274,0
BV/20230321-UltimateAutomizerSvcomp2023/soft_float_1-1.c.cil.c_6.smt2,0.00044592999620363116,0
BV/20230321-UltimateAutomizerSvcomp2023/soft_float_1-1.c.cil.c_9.smt2,0.00045287300599738955,0
BV/20230321-UltimateAutomizerSvcomp2023/soft_float_1-2.c.cil.c_6.smt2,0.00044253398664295673,0
BV/20230321-UltimateAutomizerSvcomp2023/soft_float_4-1.c.cil.c_1.smt2,0.0004631119663827121,0
BV/20230321-UltimateAutomizerSvcomp2023/soft_float_4-1.c.cil.c_7.smt2,0.0004447479732334614,0
BV/20230321-UltimateAutomizerSvcomp2023/soft_float_4-1.c.cil.c_8.smt2,0.0004433260182850063,0
BV/20230321-UltimateAutomizerSvcomp2023/soft_float_4-1.c.cil.c_9.smt2,0.00043734401697292924,0
BV/20230321-UltimateAutomizerSvcomp2023/soft_float_4-2.c.cil.c_10.smt2,0.0004255830426700413,0
BV/20230321-UltimateAutomizerSvcomp2023/soft_float_4-2.c.cil.c_3.smt2,0.00042598304571583867,0
BV/20230321-UltimateAutomizerSvcomp2023/soft_float_4-2.c.cil.c_4.smt2,0.0004576020292006433,0
BV/20230321-UltimateAutomizerSvcomp2023/soft_float_4-2.c.cil.c_6.smt2,0.0004521119990386069,0
BV/20230321-UltimateAutomizerSvcomp2023/soft_float_4-2.c.cil.c_7.smt2,0.0004895409801974893,0
BV/20230321-UltimateAutomizerSvcomp2023/soft_float_4-2.c.cil.c_9.smt2,0.00044268497731536627,0
BV/20230321-UltimateAutomizerSvcomp2023/soft_float_4-2a.c.cil.c_10.smt2,0.0005077840178273618,0
BV/20230321-UltimateAutomizerSvcomp2023/soft_float_4-2a.c.cil.c_8.smt2,0.0004448690451681614,0
BV/20230321-UltimateAutomizerSvcomp2023/soft_float_4-2a.c.cil.c_9.smt2,0.00044210400665178895,0
BV/20230321-UltimateAutomizerSvcomp2023/sum.i_0.smt2,0.0004387969966046512,0
BV/20230321-UltimateAutomizerSvcomp2023/sum.i_1.smt2,0.00043937802547588944,0
BV/llvm13-smtlib/01.smt2,0.0005088759935460985,0
BV/llvm13-smtlib/03.smt2,0.0005050490144640207,0
BV/llvm13-smtlib/05.smt2,0.0004902720102109015,0
BV/llvm13-smtlib/07.smt2,0.000501372036524117,0
BV/llvm13-smtlib/08.smt2,0.0005037160008214414,0
BV/wintersteiger/fmsd13/fixpoint/AR-fixpoint-10.smt2,0.0006267820135690272,0
BV/wintersteiger/fmsd13/fixpoint/AR-fixpoint-3.smt2,0.0004812149563804269,0
BV/wintersteiger/fmsd13/fixpoint/AR-fixpoint-4.smt2,0.0005865389830432832,0
BV/wintersteiger/fmsd13/fixpoint/AR-fixpoint-7.smt2,0.000656658026855439,0
BV/wintersteiger/fmsd13/fixpoint/AR-fixpoint-8.smt2,0.0007195540238171816,0
BV/wintersteiger/fmsd13/fixpoint/AR-fixpoint-9.smt2,0.0006786389858461916,0
BV/wintersteiger/fmsd13/fixpoint/cache-coherence-2-fixpoint-6.smt2,0.013507617986761034,0
BV/wintersteiger/fmsd13/fixpoint/cache-coherence-3-fixpoint-3.smt2,0.00983497203560546,0
BV/wintersteiger/fmsd13/fixpoint/ethernet-fixpoint-3.smt2,0.017829959047958255,0
BV/wintersteiger/fmsd13/fixpoint/ethernet-fixpoint-4.smt2,0.024402920971624553,0
BV/wintersteiger/fmsd13/fixpoint/itc-b13-fixpoint-6.smt2,0.005643070966470987,0
BV/wintersteiger/fmsd13/fixpoint/itc-b13-fixpoint-7.smt2,0.005775483965408057,0
BV/wintersteiger/fmsd13/fixpoint/itc-b13-fixpoint-8.smt2,0.006676462013274431,0
BV/wintersteiger/fmsd13/fixpoint/itc-b13-fixpoint-9.smt2,0.00788665801519528,0
BV/wintersteiger/fmsd13/fixpoint/sdlx-fixpoint-10.smt2,0.0344291350338608,0
BV/wintersteiger/fmsd13/fixpoint/sdlx-fixpoint-6.smt2,0.02004430303350091,0
BV/wintersteiger/fmsd13/fixpoint/small-equiv-fixpoint-10.smt2,0.0008738469914533198,0
BV/wintersteiger/fmsd13/fixpoint/small-equiv-fixpoint-4.smt2,0.000582601991482079,0
BV/wintersteiger/fmsd13/fixpoint/small-equiv-fixpoint-5.smt2,0.0006846999749541283,0
BV/wintersteiger/fmsd13/fixpoint/small-equiv-fixpoint-6.smt2,0.0007454320439137518,0
BV/wintersteiger/fmsd13/fixpoint/small-equiv-fixpoint-7.smt2,0.0006632999866269529,0
BV/wintersteiger/fmsd13/fixpoint/small-equiv-fixpoint-9.smt2,0.0007776410202495754,0
BV/wintersteiger/fmsd13/fixpoint/small-pipeline-fixpoint-5.smt2,0.0007520030485466123,0
BV/wintersteiger/fmsd13/fixpoint/small-pipeline-fixpoint-6.smt2,0.0008873419719748199,0
BV/wintersteiger/fmsd13/fixpoint/small-pipeline-fixpoint-8.smt2,0.0010326390038244426,0
BV/wintersteiger/fmsd13/fixpoint/small-pipeline-fixpoint-9.smt2,0.0012181710335426033,0
BV/wintersteiger/fmsd13/fixpoint/usb-phy-fixpoint-4.smt2,0.007046762970276177,0
BV/wintersteiger/fmsd13/ranking/1394diag_ioctl.c.smt2,0.000640668033156544,0
BV/wintersteiger/fmsd13/ranking/1394diag_isochapi.c.smt2,0.0005428790464065969,0
BV/wintersteiger/fmsd13/ranking/AVStream_hwsim.cpp.smt2,0.0005825110129080713,0
BV/wintersteiger/fmsd13/ranking/AVStream_image.cpp.smt2,0.0005199970328249037,0
BV/wintersteiger/fmsd13/ranking/audio_ac97_common.cpp.smt2,0.0005001110257580876,0
BV/wintersteiger/fmsd13/ranking/audio_ac97_wavepcistream2.cpp.smt2,0.0004625209840014577,0
BV/wintersteiger/fmsd13/ranking/audio_ddksynth_csynth2.cpp.smt2,0.0005678149755112827,0
BV/wintersteiger/fmsd13/ranking/audio_ddksynth_voice.cpp.smt2,0.0005832120077684522,0
BV/wintersteiger/fmsd13/ranking/audio_fmsynth_miniport.cpp.smt2,0.0004538249922916293,0
BV/wintersteiger/fmsd13/ranking/audio_gfxswap.xp_filter.cpp.smt2,0.0004201830015517771,0
BV/wintersteiger/fmsd13/ranking/audio_sysfx_swap.cpp.smt2,0.0004198919632472098,0
BV/wintersteiger/fmsd13/ranking/filesys_cdfs_allocsup.c.smt2,0.00048420100938528776,0
BV/wintersteiger/fmsd13/ranking/filesys_fastfat_cachesup.c.smt2,0.000489039986860007,0
BV/wintersteiger/fmsd13/ranking/filesys_filter_namelookup.c.smt2,0.00043052202090620995,0
BV/wintersteiger/fmsd13/ranking/general_pcidrv_sys_hw_eeprom.c.smt2,0.0004915639874525368,0
BV/wintersteiger/fmsd13/ranking/hid_hclient_ecdisp.c.smt2,0.0004135610070079565,0
BV/wintersteiger/fmsd13/ranking/input_mouser_cseries.c.smt2,0.0005075830267742276,0
BV/wintersteiger/fmsd13/ranking/input_mouser_detect.c.smt2,0.00043811602517962456,0
BV/wintersteiger/fmsd13/ranking/input_pnpi8042_moudep.c.smt2,0.0004319040453992784,0
BV/wintersteiger/fmsd13/ranking/kernel_uagp35_gart.c.smt2,0.00046763999853283167,0
BV/wintersteiger/fmsd13/ranking/kmdf_osrusbfx2_exe_testapp.c.smt2,0.0004722090088762343,0
BV/wintersteiger/fmsd13/ranking/kmdf_pcidrv_sys_hw_nic_init.c.smt2,0.00042260700138285756,0
BV/wintersteiger/fmsd13/ranking/kmdf_usbsamp_sys_queue.c.smt2,0.00041990302270278335,0
BV/wintersteiger/fmsd13/ranking/mmedia_gsm610_gsm610.c.smt2,0.0004064780077897012,0
BV/wintersteiger/fmsd13/ranking/mmedia_gsm610_gsm6103.c.smt2,0.00041696697007864714,0
BV/wintersteiger/fmsd13/ranking/network_ndis_e100bex_5x_kd_mp_dbg.c.smt2,0.0005429989541880786,0
BV/wintersteiger/fmsd13/ranking/network_ndis_rtlnwifi_extsta_st_aplst.c.smt2,0.0004643440479412675,0
BV/wintersteiger/fmsd13/ranking/network_ndis_rtlnwifi_extsta_st_misc.c.smt2,0.0005655499990098178,0
BV/wintersteiger/fmsd13/ranking/network_ndis_rtlnwifi_hw_hw_ccmp.c.smt2,0.0004762960015796125,0
BV/wintersteiger/fmsd13/ranking/network_usbnwifi_mp_util.c.smt2,0.0005520660197362304,0
