path,time_sec,status
BV/2017-Preiner-UltimateAutomizer/Primes_true-unreach-call.c_187.smt2,0.002042055013589561,ok
BV/2017-Preiner-UltimateAutomizer/Primes_true-unreach-call.c_2207.smt2,0.0016001700423657894,ok
BV/2017-Preiner-UltimateAutomizer/Primes_true-unreach-call.c_597.smt2,0.0013556129997596145,ok
BV/2017-Preiner-UltimateAutomizer/Primes_true-unreach-call.c_673.smt2,0.001568861014675349,ok
BV/2017-Preiner-UltimateAutomizer/Primes_true-unreach-call.c_678.smt2,0.0015615270240232348,ok
BV/2017-Preiner-UltimateAutomizer/nested9_true-unreach-call.i_1070.smt2,0.0016734270029701293,ok
BV/2017-Preiner-UltimateAutomizer/nested9_true-unreach-call.i_1770.smt2,0.0016400549793615937,ok
BV/2017-Preiner-UltimateAutomizer/nested9_true-unreach-call.i_473.smt2,0.0015711960149928927,ok
BV/2017-Preiner-UltimateAutomizer/nested9_true-unreach-call.i_670.smt2,0.0015346169820986688,ok
BV/2017-Preiner-keymaera/ETCS-d-braking-node1346.smt2,0.0022879039752297103,ok
BV/2017-Preiner-keymaera/ETCS-essentials-live-range2.proof-node577.smt2,0.0014272570260800421,ok
BV/2017-Preiner-keymaera/ETCS-essentials-live2.proof-node640.smt2,0.0013772830134257674,ok
BV/2017-Preiner-keymaera/ETCS-essentials-node3023.smt2,0.0026868099812418222,ok
BV/2017-Preiner-keymaera/ETCS-essentials-node4106.smt2,0.0028331640060059726,ok
BV/2017-Preiner-keymaera/FTRM-entry-tang-feasible-node1796.smt2,0.0024498169659636915,ok
BV/2017-Preiner-keymaera/binary_driver-2007-10-09-node10279.smt2,0.003114888968411833,ok
BV/2017-Preiner-keymaera/binary_driver-2007-10-09-node10280.smt2,0.0027553580002859235,ok
BV/2017-Preiner-keymaera/binary_driver-2007-10-09-node11384.smt2,0.0025839079753495753,ok
BV/2017-Preiner-keymaera/binary_driver-2007-10-09-node12552.smt2,0.0033051950158551335,ok
BV/2017-Preiner-keymaera/binary_driver-2007-10-09-node13791.smt2,0.003572835004888475,ok
BV/2017-Preiner-keymaera/binary_driver-2007-10-09-node14896.smt2,0.0024893920053727925,ok
BV/2017-Preiner-keymaera/binary_driver-2007-10-09-node8745.smt2,0.0031233259942382574,ok
BV/2017-Preiner-keymaera/binary_driver-2007-10-09-node8746.smt2,0.00280485994881019,ok
BV/2017-Preiner-keymaera/bouncing-ball-inv-node6249.smt2,0.003591971006244421,ok
BV/2017-Preiner-keymaera/bouncing-ball-simple-node5586.smt2,0.002363906998652965,ok
BV/2017-Preiner-keymaera/bouncing-ball-simple-node5587.smt2,0.0027426750166341662,ok
BV/2017-Preiner-keymaera/bouncing-ball-simple-node5920.smt2,0.0022585399565286934,ok
BV/2017-Preiner-keymaera/bouncing-ball-simple-node5963.smt2,0.0024299899814650416,ok
BV/2017-Preiner-keymaera/bouncing-ball-simple-node5964.smt2,0.00220560998423025,ok
BV/2017-Preiner-keymaera/bouncing-ball-simple-node5980.smt2,0.0021016469690948725,ok
BV/2017-Preiner-keymaera/bouncing-ball-simple-node5981.smt2,0.002379395009484142,ok
BV/2017-Preiner-keymaera/controllability-lemma-disturbed.proof-node770.smt2,0.002599898027256131,ok
BV/2017-Preiner-keymaera/dccs-example-node3896.smt2,0.002970630011986941,ok
BV/2017-Preiner-keymaera/dccs-example-node3897.smt2,0.0024739819928072393,ok
BV/2017-Preiner-keymaera/dccs-example-node6709-new.smt2,0.00254723901161924,ok
BV/2017-Preiner-keymaera/dccs-example-simple-node3457.smt2,0.0020835630130022764,ok
BV/2017-Preiner-keymaera/dccs-example-simple-node3458.smt2,0.00235988904023543,ok
BV/2017-Preiner-keymaera/dccs-example-simple-node3459.smt2,0.002093742019496858,ok
BV/2017-Preiner-keymaera/dccs-example-simple-node6246.smt2,0.002685246989130974,ok
BV/2017-Preiner-keymaera/dynamic_reaction_to_static_bounds.proof-node849.smt2,0.0021552169928327203,ok
BV/2017-Preiner-keymaera/intersection-example-onelane.proof-node11136.smt2,0.0022316600079648197,ok
BV/2017-Preiner-keymaera/intersection-example-onelane.proof-node11162.smt2,0.002620687009766698,ok
BV/2017-Preiner-keymaera/intersection-example-onelane.proof-node12481.smt2,0.002605578047223389,ok
BV/2017-Preiner-keymaera/intersection-example-onelane.proof-node12517.smt2,0.002979837008751929,ok
BV/2017-Preiner-keymaera/intersection-example-onelane.proof-node13832.smt2,0.002205961965955794,ok
BV/2017-Preiner-keymaera/intersection-example-onelane.proof-node14168.smt2,0.0022763930028304458,ok
BV/2017-Preiner-keymaera/intersection-example-onelane.proof-node1479.smt2,0.0023308650124818087,ok
BV/2017-Preiner-keymaera/intersection-example-onelane.proof-node16159.smt2,0.0026219779974780977,ok
BV/2017-Preiner-keymaera/intersection-example-onelane.proof-node17304.smt2,0.0025381720042787492,ok
BV/2017-Preiner-keymaera/intersection-example-onelane.proof-node17882.smt2,0.0023666310007683933,ok
BV/2017-Preiner-keymaera/intersection-example-onelane.proof-node18278.smt2,0.0031716160010546446,ok
BV/2017-Preiner-keymaera/intersection-example-onelane.proof-node19598.smt2,0.0028154299943707883,ok
BV/2017-Preiner-keymaera/intersection-example-onelane.proof-node19624.smt2,0.003207222034689039,ok
BV/2017-Preiner-keymaera/intersection-example-onelane.proof-node20269.smt2,0.002303713990841061,ok
BV/2017-Preiner-keymaera/intersection-example-onelane.proof-node21162.smt2,0.0023058580118231475,ok
BV/2017-Preiner-keymaera/intersection-example-onelane.proof-node21762.smt2,0.002268387994263321,ok
BV/2017-Preiner-keymaera/intersection-example-onelane.proof-node23307.smt2,0.0022481700289063156,ok
BV/2017-Preiner-keymaera/intersection-example-onelane.proof-node24127.smt2,0.002360610000323504,ok
BV/2017-Preiner-keymaera/intersection-example-onelane.proof-node25171.smt2,0.002352003997657448,ok
BV/2017-Preiner-keymaera/intersection-example-onelane.proof-node29839.smt2,0.0034977150498889387,ok
BV/2017-Preiner-keymaera/intersection-example-onelane.proof-node30209.smt2,0.0027632330311462283,ok
BV/2017-Preiner-keymaera/intersection-example-onelane.proof-node31555.smt2,0.0030720600043423474,ok
BV/2017-Preiner-keymaera/intersection-example-onelane.proof-node32497.smt2,0.0022772850352339447,ok
BV/2017-Preiner-keymaera/intersection-example-onelane.proof-node34026.smt2,0.002235346008092165,ok
BV/2017-Preiner-keymaera/intersection-example-onelane.proof-node37008.smt2,0.00229881500126794,ok
BV/2017-Preiner-keymaera/intersection-example-onelane.proof-node37018.smt2,0.0023109479807317257,ok
BV/2017-Preiner-keymaera/intersection-example-onelane.proof-node38802.smt2,0.003216639976017177,ok
BV/2017-Preiner-keymaera/intersection-example-onelane.proof-node39725.smt2,0.002712237008381635,ok
BV/2017-Preiner-keymaera/intersection-example-onelane.proof-node39751.smt2,0.0030478439875878394,ok
BV/2017-Preiner-keymaera/intersection-example-onelane.proof-node4261.smt2,0.0026359049952588975,ok
BV/2017-Preiner-keymaera/intersection-example-onelane.proof-node43329.smt2,0.0022371200029738247,ok
BV/2017-Preiner-keymaera/intersection-example-onelane.proof-node43393.smt2,0.002707048028241843,ok
BV/2017-Preiner-keymaera/intersection-example-onelane.proof-node44538.smt2,0.002629443013574928,ok
BV/2017-Preiner-keymaera/intersection-example-onelane.proof-node45106.smt2,0.0025617259670980275,ok
BV/2017-Preiner-keymaera/intersection-example-onelane.proof-node45116.smt2,0.0024710469879209995,ok
BV/2017-Preiner-keymaera/intersection-example-onelane.proof-node46589.smt2,0.0028488729731179774,ok
BV/2017-Preiner-keymaera/intersection-example-onelane.proof-node46832.smt2,0.002666131011210382,ok
BV/2017-Preiner-keymaera/intersection-example-onelane.proof-node47513.smt2,0.002347365953028202,ok
BV/2017-Preiner-keymaera/intersection-example-onelane.proof-node48396.smt2,0.002439849020447582,ok
BV/2017-Preiner-keymaera/intersection-example-onelane.proof-node48996.smt2,0.002333138952963054,ok
BV/2017-Preiner-keymaera/intersection-example-onelane.proof-node51016.smt2,0.002822333015501499,ok
BV/2017-Preiner-keymaera/intersection-example-onelane.proof-node5338.smt2,0.002789813035633415,ok
BV/2017-Preiner-keymaera/intersection-example-onelane.proof-node53901.smt2,0.0023250950034707785,ok
BV/2017-Preiner-keymaera/intersection-example-onelane.proof-node53911.smt2,0.0023137129610404372,ok
BV/2017-Preiner-keymaera/intersection-example-onelane.proof-node54847.smt2,0.0025501050404272974,ok
BV/2017-Preiner-keymaera/intersection-example-onelane.proof-node54859.smt2,0.0027766579878516495,ok
BV/2017-Preiner-keymaera/intersection-example-onelane.proof-node54870.smt2,0.00323316000867635,ok
BV/2017-Preiner-keymaera/intersection-example-onelane.proof-node54892.smt2,0.0028238960076123476,ok
BV/2017-Preiner-keymaera/intersection-example-onelane.proof-node5581.smt2,0.00281175400596112,ok
BV/2017-Preiner-keymaera/intersection-example-onelane.proof-node5607.smt2,0.003150245000142604,ok
BV/2017-Preiner-keymaera/intersection-example-onelane.proof-node6814.smt2,0.002314104000106454,ok
BV/2017-Preiner-keymaera/intersection-example-simple.proof-node150970.smt2,0.0027118370053358376,ok
BV/2017-Preiner-keymaera/intersection-example-simple.proof-node151296.smt2,0.0027527729980647564,ok
BV/2017-Preiner-keymaera/intersection-example-simple.proof-node151408.smt2,0.002762862015515566,ok
BV/2017-Preiner-keymaera/intersection-example-simple.proof-node152045.smt2,0.0029674340039491653,ok
BV/2017-Preiner-keymaera/intersection-example-simple.proof-node152733.smt2,0.0027992100222036242,ok
BV/2017-Preiner-keymaera/intersection-example-simple.proof-node152942.smt2,0.0027910450007766485,ok
BV/2017-Preiner-keymaera/intersection-example-simple.proof-node154163.smt2,0.0027670699637383223,ok
BV/2017-Preiner-keymaera/intersection-example-simple.proof-node155401.smt2,0.0027470829663798213,ok
BV/2017-Preiner-keymaera/intersection-example-simple.proof-node156170.smt2,0.0027815370121970773,ok
BV/2017-Preiner-keymaera/intersection-example-simple.proof-node156618.smt2,0.002891562005970627,ok
BV/2017-Preiner-keymaera/intersection-example-simple.proof-node166425.smt2,0.0026843350497074425,ok
BV/2017-Preiner-keymaera/intersection-example-simple.proof-node166868.smt2,0.002762931981123984,ok
BV/2017-Preiner-keymaera/intersection-example-simple.proof-node167638.smt2,0.0027484860038384795,ok
BV/2017-Preiner-keymaera/intersection-example-simple.proof-node169818.smt2,0.0027415930526331067,ok
BV/2017-Preiner-keymaera/intersection-example-simple.proof-node170139.smt2,0.0026874809991568327,ok
BV/2017-Preiner-keymaera/intersection-example-simple.proof-node171004.smt2,0.002804869960527867,ok
BV/2017-Preiner-keymaera/intersection-example-simple.proof-node171228.smt2,0.002721494995057583,ok
BV/2017-Preiner-keymaera/intersection-example-simple.proof-node171462.smt2,0.002697399992030114,ok
BV/2017-Preiner-keymaera/intersection-example-simple.proof-node171778.smt2,0.002710213011596352,ok
BV/2017-Preiner-keymaera/intersection-example-simple.proof-node172099.smt2,0.0027048439951613545,ok
BV/2017-Preiner-keymaera/intersection-example-simple.proof-node172570.smt2,0.002656642987858504,ok
BV/2017-Preiner-keymaera/intersection-example-simple.proof-node172682.smt2,0.0027812159969471395,ok
BV/2017-Preiner-keymaera/intersection-example-simple.proof-node173665.smt2,0.0027469820342957973,ok
BV/2017-Preiner-keymaera/intersection-example-simple.proof-node174126.smt2,0.002734579029493034,ok
BV/2017-Preiner-keymaera/intersection-example-simple.proof-node174360.smt2,0.002702658995985985,ok
BV/2017-Preiner-keymaera/intersection-example-simple.proof-node174885.smt2,0.0026942439726553857,ok
BV/2017-Preiner-keymaera/intersection-example-simple.proof-node174997.smt2,0.002711065986659378,ok
BV/2017-Preiner-keymaera/intersection-example-simple.proof-node175109.smt2,0.002736843947786838,ok
BV/2017-Preiner-keymaera/intersection-example-simple.proof-node189374.smt2,0.0026601909776218235,ok
BV/2017-Preiner-keymaera/intersection-example-simple.proof-node189817.smt2,0.002776857989374548,ok
BV/2017-Preiner-keymaera/intersection-example-simple.proof-node190062.smt2,0.0026797669706866145,ok
BV/2017-Preiner-keymaera/intersection-example-simple.proof-node190266.smt2,0.0027633829740807414,ok
BV/2017-Preiner-keymaera/intersection-example-simple.proof-node190475.smt2,0.0027012869832105935,ok
BV/2017-Preiner-keymaera/intersection-example-simple.proof-node191763.smt2,0.0027675399906001985,ok
BV/2017-Preiner-keymaera/intersection-example-simple.proof-node192767.smt2,0.002773641957901418,ok
BV/2017-Preiner-keymaera/intersection-example-simple.proof-node192976.smt2,0.0027013670187443495,ok
BV/2017-Preiner-keymaera/intersection-example-simple.proof-node193438.smt2,0.002668084984179586,ok
BV/2017-Preiner-keymaera/intersection-example-simple.proof-node193953.smt2,0.002646984998136759,ok
BV/2017-Preiner-keymaera/intersection-example-simple.proof-node194065.smt2,0.002701075980439782,ok
BV/2017-Preiner-keymaera/intersection-example-simple.proof-node194936.smt2,0.002775716013275087,ok
BV/2017-Preiner-keymaera/intersection-example-simple.proof-node195048.smt2,0.0038080040249042213,ok
BV/2017-Preiner-keymaera/intersection-example-simple.proof-node195519.smt2,0.0028409379883669317,ok
BV/2017-Preiner-keymaera/intersection-example-simple.proof-node197075.smt2,0.002717306953854859,ok
BV/2017-Preiner-keymaera/intersection-example-simple.proof-node197625.smt2,0.0027403299463912845,ok
BV/2017-Preiner-keymaera/intersection-example-simple.proof-node197946.smt2,0.002698151976801455,ok
BV/2017-Preiner-keymaera/intersection-example-simple.proof-node198058.smt2,0.002968065964523703,ok
BV/2017-Preiner-keymaera/intersection-example-simple.proof-node247731.smt2,0.002671841997653246,ok
BV/2017-Preiner-keymaera/intersection-example-simple.proof-node248047.smt2,0.0027135999989695847,ok
BV/2017-Preiner-keymaera/intersection-example-simple.proof-node249484.smt2,0.0027545970515348017,ok
BV/2017-Preiner-keymaera/intersection-example-simple.proof-node250172.smt2,0.0027414519572630525,ok
BV/2017-Preiner-keymaera/intersection-example-simple.proof-node250605.smt2,0.0026656300178728998,ok
BV/2017-Preiner-keymaera/intersection-example-simple.proof-node251490.smt2,0.002757592999842018,ok
BV/2017-Preiner-keymaera/intersection-example-simple.proof-node251841.smt2,0.002937708981335163,ok
BV/2017-Preiner-keymaera/intersection-example-simple.proof-node252045.smt2,0.0028232450131326914,ok
BV/2017-Preiner-keymaera/intersection-example-simple.proof-node252371.smt2,0.002775044005829841,ok
BV/2017-Preiner-keymaera/intersection-example-simple.proof-node252840.smt2,0.00276739097898826,ok
BV/2017-Preiner-keymaera/intersection-example-simple.proof-node253609.smt2,0.0027677310281433165,ok
BV/2017-Preiner-keymaera/intersection-example-simple.proof-node254296.smt2,0.002766429039184004,ok
BV/2017-Preiner-keymaera/intersection-example-simple.proof-node254500.smt2,0.0027735920157283545,ok
BV/2017-Preiner-keymaera/intersection-example-simple.proof-node254826.smt2,0.0028017839649692178,ok
BV/2017-Preiner-keymaera/intersection-example-simple.proof-node264195.smt2,0.0026987220044247806,ok
BV/2017-Preiner-keymaera/intersection-example-simple.proof-node264307.smt2,0.0027608179952949286,ok
BV/2017-Preiner-keymaera/intersection-example-simple.proof-node264965.smt2,0.0026876209885813296,ok
BV/2017-Preiner-keymaera/intersection-example-simple.proof-node265077.smt2,0.002775716013275087,ok
BV/2017-Preiner-keymaera/intersection-example-simple.proof-node267053.smt2,0.002703720994759351,ok
BV/2017-Preiner-keymaera/intersection-example-simple.proof-node267257.smt2,0.002784732962027192,ok
BV/2017-Preiner-keymaera/intersection-example-simple.proof-node267466.smt2,0.0028056330047547817,ok
BV/2017-Preiner-keymaera/intersection-example-simple.proof-node267578.smt2,0.002679956960491836,ok
BV/2017-Preiner-keymaera/intersection-example-simple.proof-node268443.smt2,0.002673103997949511,ok
BV/2017-Preiner-keymaera/intersection-example-simple.proof-node268667.smt2,0.002718789968639612,ok
BV/2017-Preiner-keymaera/intersection-example-simple.proof-node268901.smt2,0.0026783340144902468,ok
BV/2017-Preiner-keymaera/intersection-example-simple.proof-node269013.smt2,0.0026939440285786986,ok
BV/2017-Preiner-keymaera/intersection-example-simple.proof-node269426.smt2,0.0027071080403402448,ok
BV/2017-Preiner-keymaera/intersection-example-simple.proof-node269538.smt2,0.002826581010594964,ok
BV/2017-Preiner-keymaera/intersection-example-simple.proof-node270758.smt2,0.0026892340392805636,ok
BV/2017-Preiner-keymaera/intersection-example-simple.proof-node270992.smt2,0.0027269850252196193,ok
BV/2017-Preiner-keymaera/intersection-example-simple.proof-node271104.smt2,0.0027170859975740314,ok
BV/2017-Preiner-keymaera/intersection-example-simple.proof-node271565.smt2,0.0027226670063100755,ok
BV/2017-Preiner-keymaera/intersection-example-simple.proof-node271799.smt2,0.002734398003667593,ok
BV/2017-Preiner-keymaera/intersection-example-simple.proof-node272436.smt2,0.0027279969654046,ok
BV/2017-Preiner-keymaera/intersection-example-simple.proof-node272548.smt2,0.0027607979718595743,ok
BV/2017-Preiner-keymaera/intersection-example-simple.proof-node287144.smt2,0.0027013879735022783,ok
BV/2017-Preiner-keymaera/intersection-example-simple.proof-node287256.smt2,0.003358173999004066,ok
BV/2017-Preiner-keymaera/intersection-example-simple.proof-node287501.smt2,0.00288127304520458,ok
BV/2017-Preiner-keymaera/intersection-example-simple.proof-node287705.smt2,0.002750659012235701,ok
BV/2017-Preiner-keymaera/intersection-example-simple.proof-node287914.smt2,0.002687060972675681,ok
BV/2017-Preiner-keymaera/intersection-example-simple.proof-node288026.smt2,0.002754195942543447,ok
BV/2017-Preiner-keymaera/intersection-example-simple.proof-node288860.smt2,0.0028961710049770772,ok
BV/2017-Preiner-keymaera/intersection-example-simple.proof-node289202.smt2,0.0026686560013331473,ok
BV/2017-Preiner-keymaera/intersection-example-simple.proof-node289727.smt2,0.002761278999969363,ok
BV/2017-Preiner-keymaera/intersection-example-simple.proof-node290002.smt2,0.0027341580134816468,ok
BV/2017-Preiner-keymaera/intersection-example-simple.proof-node290206.smt2,0.002734369016252458,ok
BV/2017-Preiner-keymaera/intersection-example-simple.proof-node290415.smt2,0.0026635570102371275,ok
BV/2017-Preiner-keymaera/intersection-example-simple.proof-node290877.smt2,0.0026626649778336287,ok
BV/2017-Preiner-keymaera/intersection-example-simple.proof-node291616.smt2,0.0028208100120536983,ok
BV/2017-Preiner-keymaera/intersection-example-simple.proof-node291850.smt2,0.00268870301079005,ok
BV/2017-Preiner-keymaera/intersection-example-simple.proof-node291962.smt2,0.0027582430047914386,ok
BV/2017-Preiner-keymaera/intersection-example-simple.proof-node292166.smt2,0.002695937000680715,ok
BV/2017-Preiner-keymaera/intersection-example-simple.proof-node292487.smt2,0.002698451979085803,ok
BV/2017-Preiner-keymaera/intersection-example-simple.proof-node294748.smt2,0.00270116695901379,ok
BV/2017-Preiner-keymaera/intersection-example-simple.proof-node294860.smt2,0.002717887982726097,ok
BV/2017-Preiner-keymaera/intersection-example-simple.proof-node295273.smt2,0.00298918504267931,ok
BV/2017-Preiner-keymaera/intersection-example-simple.proof-node345166.smt2,0.0028792599914595485,ok
BV/2017-Preiner-keymaera/intersection-example-simple.proof-node345278.smt2,0.002787326986435801,ok
BV/2017-Preiner-keymaera/intersection-example-simple.proof-node345482.smt2,0.00277872197329998,ok
BV/2017-Preiner-keymaera/intersection-example-simple.proof-node345732.smt2,0.0027918359846808016,ok
BV/2017-Preiner-keymaera/intersection-example-simple.proof-node346170.smt2,0.002826570998877287,ok
BV/2017-Preiner-keymaera/intersection-example-simple.proof-node346919.smt2,0.0028459879686124623,ok
BV/2017-Preiner-keymaera/intersection-example-simple.proof-node347403.smt2,0.0029856180190108716,ok
BV/2017-Preiner-keymaera/intersection-example-simple.proof-node347607.smt2,0.0028535809833556414,ok
BV/2017-Preiner-keymaera/intersection-example-simple.proof-node347816.smt2,0.002832041005603969,ok
BV/2017-Preiner-keymaera/intersection-example-simple.proof-node347928.smt2,0.002849434968084097,ok
BV/2017-Preiner-keymaera/intersection-example-simple.proof-node348040.smt2,0.002770506020169705,ok
BV/2017-Preiner-keymaera/intersection-example-simple.proof-node348711.smt2,0.002867658040486276,ok
BV/2017-Preiner-keymaera/intersection-example-simple.proof-node349276.smt2,0.002857138984836638,ok
BV/2017-Preiner-keymaera/intersection-example-simple.proof-node349694.smt2,0.0030267650145106018,ok
BV/2017-Preiner-keymaera/intersection-example-simple.proof-node350275.smt2,0.0028770749922841787,ok
BV/2017-Preiner-keymaera/intersection-example-simple.proof-node351044.smt2,0.0028861220343969762,ok
BV/2017-Preiner-keymaera/intersection-example-simple.proof-node351731.smt2,0.0031371809891425073,ok
BV/2017-Preiner-keymaera/intersection-example-simple.proof-node351935.smt2,0.003005324979312718,ok
BV/2017-Preiner-keymaera/intersection-example-simple.proof-node361630.smt2,0.002879599982406944,ok
BV/2017-Preiner-keymaera/intersection-example-simple.proof-node361987.smt2,0.0029240529984235764,ok
BV/2017-Preiner-keymaera/intersection-example-simple.proof-node362512.smt2,0.002882916945964098,ok
BV/2017-Preiner-keymaera/intersection-example-simple.proof-node363688.smt2,0.0027453990187495947,ok
BV/2017-Preiner-keymaera/intersection-example-simple.proof-node365013.smt2,0.002879199048038572,ok
BV/2017-Preiner-keymaera/intersection-example-simple.proof-node365475.smt2,0.002862547989934683,ok
BV/2017-Preiner-keymaera/intersection-example-simple.proof-node365878.smt2,0.0027701359940692782,ok
BV/2017-Preiner-keymaera/intersection-example-simple.proof-node367444.smt2,0.0030982490279711783,ok
BV/2017-Preiner-keymaera/intersection-example-simple.proof-node368193.smt2,0.0027664980152621865,ok
BV/2017-Preiner-keymaera/intersection-example-simple.proof-node368427.smt2,0.002778150956146419,ok
BV/2017-Preiner-keymaera/intersection-example-simple.proof-node368539.smt2,0.002787107019685209,ok
BV/2017-Preiner-keymaera/intersection-example-simple.proof-node369000.smt2,0.0028172439779154956,ok
BV/2017-Preiner-keymaera/intersection-example-simple.proof-node369234.smt2,0.0027897419640794396,ok
BV/2017-Preiner-keymaera/intersection-example-simple.proof-node369346.smt2,0.002807215030770749,ok
BV/2017-Preiner-keymaera/intersection-example-simple.proof-node369550.smt2,0.00293604499893263,ok
BV/2017-Preiner-keymaera/intersection-example-simple.proof-node369759.smt2,0.002804158953949809,ok
BV/2017-Preiner-keymaera/intersection-example-simple.proof-node369871.smt2,0.0028126949910074472,ok
BV/2017-Preiner-keymaera/intersection-example-simple.proof-node384248.smt2,0.002732564986217767,ok
BV/2017-Preiner-keymaera/intersection-example-simple.proof-node384691.smt2,0.0028314400115050375,ok
BV/2017-Preiner-keymaera/intersection-example-simple.proof-node384936.smt2,0.002745871024671942,ok
BV/2017-Preiner-keymaera/intersection-example-simple.proof-node385140.smt2,0.002861146000213921,ok
BV/2017-Preiner-keymaera/intersection-example-simple.proof-node385461.smt2,0.0029757090378552675,ok
BV/2017-Preiner-keymaera/intersection-example-simple.proof-node386295.smt2,0.002855084021575749,ok
BV/2017-Preiner-keymaera/intersection-example-simple.proof-node387850.smt2,0.0027476830291561782,ok
BV/2017-Preiner-keymaera/intersection-example-simple.proof-node388424.smt2,0.0027469919878058136,ok
BV/2017-Preiner-keymaera/intersection-example-simple.proof-node388939.smt2,0.0027644549845717847,ok
BV/2017-Preiner-keymaera/intersection-example-simple.proof-node389285.smt2,0.0027433960349299014,ok
BV/2017-Preiner-keymaera/intersection-example-simple.proof-node389601.smt2,0.002798969973810017,ok
BV/2017-Preiner-keymaera/intersection-example-simple.proof-node389810.smt2,0.002894158009439707,ok
BV/2017-Preiner-keymaera/intersection-example-simple.proof-node391142.smt2,0.0028143090312369168,ok
BV/2017-Preiner-keymaera/intersection-example-simple.proof-node391376.smt2,0.0027922270237468183,ok
BV/2017-Preiner-keymaera/intersection-example-simple.proof-node391949.smt2,0.0027945709880441427,ok
BV/2017-Preiner-keymaera/intersection-example-simple.proof-node392183.smt2,0.002806584001518786,ok
BV/2017-Preiner-keymaera/intersection-example-simple.proof-node392295.smt2,0.0038629180053249,ok
BV/2017-Preiner-keymaera/intersection-example-simple.proof-node392708.smt2,0.0029203459853306413,ok
BV/2017-Preiner-keymaera/intersection-example-simple.proof-node392932.smt2,0.0028500439948402345,ok
BV/2017-Preiner-keymaera/intersection-example-simple.proof-node403505.smt2,0.002682601974811405,ok
BV/2017-Preiner-keymaera/intersection-example-simple.proof-node459232.smt2,0.002594167017377913,ok
BV/2017-Preiner-keymaera/intersection-example-simple.proof-node475811.smt2,0.002672984031960368,ok
BV/2017-Preiner-keymaera/intersection-example-simple.proof-node476004.smt2,0.0026901859673671424,ok
BV/2017-Preiner-keymaera/intersection-example-simple.proof-node476116.smt2,0.002698181022424251,ok
BV/2017-Preiner-keymaera/intersection-example-simple.proof-node476753.smt2,0.002708660962525755,ok
BV/2017-Preiner-keymaera/intersection-example-simple.proof-node476763.smt2,0.002863581001292914,ok
BV/2017-Preiner-keymaera/intersection-example-simple.proof-node478879.smt2,0.002728488005232066,ok
BV/2017-Preiner-keymaera/intersection-example-simple.proof-node479619.smt2,0.0027531940140761435,ok
BV/2017-Preiner-keymaera/intersection-example-simple.proof-node479629.smt2,0.002690716995857656,ok
BV/2017-Preiner-keymaera/intersection-example-simple.proof-node480617.smt2,0.0027496780385263264,ok
BV/2017-Preiner-keymaera/intersection-example-simple.proof-node488018.smt2,0.002794461033772677,ok
BV/2017-Preiner-keymaera/intersection-example-simple.proof-node488227.smt2,0.002754074987024069,ok
BV/2017-Preiner-keymaera/intersection-example-simple.proof-node488451.smt2,0.002928991976659745,ok
BV/2017-Preiner-keymaera/intersection-example-simple.proof-node488920.smt2,0.0027782709803432226,ok
BV/2017-Preiner-keymaera/intersection-example-simple.proof-node489032.smt2,0.002765516983345151,ok
BV/2017-Preiner-keymaera/intersection-example-simple.proof-node490015.smt2,0.002781265997327864,ok
BV/2017-Preiner-keymaera/intersection-example-simple.proof-node490353.smt2,0.0027487759944051504,ok
BV/2017-Preiner-keymaera/intersection-example-simple.proof-node52492.smt2,0.00260107999201864,ok
BV/2017-Preiner-keymaera/intersection-example-simple.proof-node529901.smt2,0.002690145978704095,ok
BV/2017-Preiner-keymaera/intersection-example-simple.proof-node531710.smt2,0.0028699819813482463,ok
BV/2017-Preiner-keymaera/intersection-example-simple.proof-node531822.smt2,0.002808187040500343,ok
BV/2017-Preiner-keymaera/intersection-example-simple.proof-node532026.smt2,0.002772420004475862,ok
BV/2017-Preiner-keymaera/intersection-example-simple.proof-node532235.smt2,0.0027416720404289663,ok
BV/2017-Preiner-keymaera/intersection-example-simple.proof-node532347.smt2,0.002743927005212754,ok
BV/2017-Preiner-keymaera/intersection-example-simple.proof-node534610.smt2,0.0026779930340126157,ok
BV/2017-Preiner-keymaera/intersection-example-simple.proof-node534722.smt2,0.002723749028518796,ok
BV/2017-Preiner-keymaera/intersection-example-simple.proof-node535359.smt2,0.0028691309853456914,ok
BV/2017-Preiner-keymaera/intersection-example-simple.proof-node548277.smt2,0.0027345489943400025,ok
BV/2017-Preiner-keymaera/intersection-example-simple.proof-node548485.smt2,0.0027805950376205146,ok
BV/2017-Preiner-keymaera/intersection-example-simple.proof-node54865.smt2,0.002660241036210209,ok
BV/2017-Preiner-keymaera/intersection-example-simple.proof-node548891.smt2,0.0027666889945976436,ok
BV/2017-Preiner-keymaera/intersection-example-simple.proof-node550261.smt2,0.002738637034781277,ok
BV/2017-Preiner-keymaera/intersection-example-simple.proof-node550289.smt2,0.002682852966245264,ok
BV/2017-Preiner-keymaera/intersection-example-simple.proof-node550504.smt2,0.002847619995009154,ok
BV/2017-Preiner-keymaera/intersection-example-simple.proof-node551029.smt2,0.0027671100106090307,ok
BV/2017-Preiner-keymaera/intersection-example-simple.proof-node551039.smt2,0.002687350963242352,ok
BV/2017-Preiner-keymaera/intersection-example-simple.proof-node551337.smt2,0.0026690969825722277,ok
BV/2017-Preiner-keymaera/intersection-example-simple.proof-node559428.smt2,0.0028023059712722898,ok
BV/2017-Preiner-keymaera/intersection-example-simple.proof-node559637.smt2,0.0034304489963687956,ok
BV/2017-Preiner-keymaera/intersection-example-simple.proof-node559749.smt2,0.002948709996417165,ok
BV/2017-Preiner-keymaera/intersection-example-simple.proof-node559861.smt2,0.0028967519756406546,ok
BV/2017-Preiner-keymaera/intersection-example-simple.proof-node560330.smt2,0.002757481997832656,ok
BV/2017-Preiner-keymaera/intersection-example-simple.proof-node560442.smt2,0.0027983079780824482,ok
BV/2017-Preiner-keymaera/intersection-example-simple.proof-node561079.smt2,0.0027606880175881088,ok
BV/2017-Preiner-keymaera/intersection-example-simple.proof-node561425.smt2,0.0027910549542866647,ok
BV/2017-Preiner-keymaera/intersection-example-simple.proof-node561763.smt2,0.002790492959320545,ok
BV/2017-Preiner-keymaera/intersection-example-simple.proof-node561875.smt2,0.0027843829593621194,ok
BV/2017-Preiner-keymaera/intersection-example-simple.proof-node57081.smt2,0.002656603988725692,ok
BV/2017-Preiner-keymaera/intersection-example-simple.proof-node601561.smt2,0.002685257000848651,ok
BV/2017-Preiner-keymaera/intersection-example-simple.proof-node601673.smt2,0.0027431350317783654,ok
BV/2017-Preiner-keymaera/intersection-example-simple.proof-node601999.smt2,0.0027653559809550643,ok
BV/2017-Preiner-keymaera/intersection-example-simple.proof-node602111.smt2,0.002793329011183232,ok
BV/2017-Preiner-keymaera/intersection-example-simple.proof-node603232.smt2,0.0030925479950383306,ok
BV/2017-Preiner-keymaera/intersection-example-simple.proof-node603436.smt2,0.0027647549868561327,ok
BV/2017-Preiner-keymaera/intersection-example-simple.proof-node603757.smt2,0.002742534037679434,ok
BV/2017-Preiner-keymaera/intersection-example-simple.proof-node605043.smt2,0.0027180889737792313,ok
BV/2017-Preiner-keymaera/intersection-example-simple.proof-node605258.smt2,0.0026955860084854066,ok
BV/2017-Preiner-keymaera/intersection-example-simple.proof-node605722.smt2,0.002721594995819032,ok
BV/2017-Preiner-keymaera/intersection-example-simple.proof-node606132.smt2,0.0027376150246709585,ok
BV/2017-Preiner-keymaera/intersection-example-simple.proof-node606769.smt2,0.002826710988301784,ok
BV/2017-Preiner-keymaera/intersection-example-simple.proof-node618750.smt2,0.0027774490299634635,ok
BV/2017-Preiner-keymaera/intersection-example-simple.proof-node619055.smt2,0.0027748739812523127,ok
BV/2017-Preiner-keymaera/intersection-example-simple.proof-node619900.smt2,0.002879359992220998,ok
BV/2017-Preiner-keymaera/intersection-example-simple.proof-node620306.smt2,0.002864431997295469,ok
BV/2017-Preiner-keymaera/intersection-example-simple.proof-node621704.smt2,0.0027480049757286906,ok
BV/2017-Preiner-keymaera/intersection-example-simple.proof-node622752.smt2,0.0027478939737193286,ok
BV/2017-Preiner-keymaera/intersection-example-simple.proof-node630639.smt2,0.0029692170210182667,ok
BV/2017-Preiner-keymaera/intersection-example-simple.proof-node631052.smt2,0.0028634800110012293,ok
BV/2017-Preiner-keymaera/intersection-example-simple.proof-node631164.smt2,0.0028702430427074432,ok
BV/2017-Preiner-keymaera/intersection-example-simple.proof-node631276.smt2,0.0028723370051011443,ok
BV/2017-Preiner-keymaera/intersection-example-simple.proof-node631857.smt2,0.0028361189761199057,ok
BV/2017-Preiner-keymaera/intersection-example-simple.proof-node632728.smt2,0.002808437042403966,ok
BV/2017-Preiner-keymaera/intersection-example-simple.proof-node632840.smt2,0.0028320809942670166,ok
BV/2017-Preiner-keymaera/intersection-example-simple.proof-node633178.smt2,0.003528382978402078,ok
BV/2017-Preiner-keymaera/intersection-example-simple.proof-node672522.smt2,0.002905217988882214,ok
BV/2017-Preiner-keymaera/intersection-example-simple.proof-node672726.smt2,0.0027722299564629793,ok
BV/2017-Preiner-keymaera/intersection-example-simple.proof-node672976.smt2,0.0027577319997362792,ok
BV/2017-Preiner-keymaera/intersection-example-simple.proof-node673088.smt2,0.002779423026368022,ok
BV/2017-Preiner-keymaera/intersection-example-simple.proof-node673414.smt2,0.0028159510111436248,ok
BV/2017-Preiner-keymaera/intersection-example-simple.proof-node673526.smt2,0.002823925984557718,ok
BV/2017-Preiner-keymaera/intersection-example-simple.proof-node674535.smt2,0.0029523259727284312,ok
BV/2017-Preiner-keymaera/intersection-example-simple.proof-node674647.smt2,0.002860093954950571,ok
BV/2017-Preiner-keymaera/intersection-example-simple.proof-node676430.smt2,0.002794621977955103,ok
BV/2017-Preiner-keymaera/intersection-example-simple.proof-node677435.smt2,0.0027542359894141555,ok
BV/2017-Preiner-keymaera/intersection-example-simple.proof-node682293.smt2,0.0026150260237045586,ok
BV/2017-Preiner-keymaera/intersection-example-simple.proof-node682405.smt2,0.0026601499994285405,ok
BV/2017-Preiner-keymaera/intersection-example-simple.proof-node688713.smt2,0.0026635059621185064,ok
BV/2017-Preiner-keymaera/intersection-example-simple.proof-node694990.smt2,0.0029112289776094258,ok
BV/2017-Preiner-keymaera/intersection-example-simple.proof-node703624.smt2,0.002682402031496167,ok
BV/2017-Preiner-keymaera/intersection-example-simple.proof-node704363.smt2,0.0026940529933199286,ok
BV/2017-Preiner-keymaera/intersection-example-simple.proof-node704546.smt2,0.0027661180356517434,ok
BV/2017-Preiner-keymaera/intersection-example-simple.proof-node709146.smt2,0.002737083996180445,ok
BV/2017-Preiner-keymaera/intersection-example-simple.proof-node709258.smt2,0.002781046961899847,ok
BV/2017-Preiner-keymaera/intersection-example-simple.proof-node717892.smt2,0.0026551500195637345,ok
BV/2017-Preiner-keymaera/intersection-example-simple.proof-node719994.smt2,0.002884568995796144,ok
BV/2017-Preiner-keymaera/intersection-example-simple.proof-node723526.smt2,0.0028656740323640406,ok
BV/2017-Preiner-keymaera/intersection-example-simple.proof-node732160.smt2,0.0027222560020163655,ok
BV/2017-Preiner-keymaera/intersection-example-simple.proof-node732272.smt2,0.0027744040125980973,ok
BV/2017-Preiner-keymaera/intersection-example-simple.proof-node733082.smt2,0.0028722170391120017,ok
BV/2017-Preiner-keymaera/intersection-example-simple.proof-node737898.smt2,0.0028496839804574847,ok
BV/2017-Preiner-keymaera/intersection-example-simple.proof-node74776.smt2,0.002661081962287426,ok
BV/2017-Preiner-keymaera/intersection-example-simple.proof-node93152.smt2,0.0028259800164960325,ok
BV/2017-Preiner-keymaera/intersection-example-simple.proof-node95128.smt2,0.002628610993269831,ok
BV/2017-Preiner-keymaera/intersection-example-simple.proof-node99874.smt2,0.0026010999572463334,ok
BV/2017-Preiner-keymaera/intersection-example-simple.proof-node99986.smt2,0.0026099359965883195,ok
BV/2017-Preiner-keymaera/rbc-controllability-characterisation-node3299.smt2,0.0015377429663203657,ok
BV/2017-Preiner-keymaera/safety-lemma-node10952.smt2,0.0030912659713067114,ok
BV/2017-Preiner-keymaera/safety-lemma-node14050.smt2,0.003093960986007005,ok
BV/2017-Preiner-keymaera/to_left-node1505.smt2,0.0021580219618044794,ok
BV/2017-Preiner-keymaera/train_goal3-node5717.smt2,0.004312987963203341,ok
BV/2017-Preiner-keymaera/train_goal4-node5686.smt2,0.0032173109939321876,ok
BV/2017-Preiner-keymaera/train_goal6-node8607.smt2,0.0031355679966509342,ok
BV/2017-Preiner-keymaera/vsl.proof-node1377.smt2,0.0022533799638040364,ok
BV/2017-Preiner-keymaera/vsl.proof-node1722.smt2,0.0023416950134560466,ok
BV/2017-Preiner-keymaera/vsl.proof-node2228.smt2,0.0027730310102924705,ok
BV/2017-Preiner-keymaera/vsl.proof-node2761.smt2,0.002549333032220602,ok
BV/2017-Preiner-keymaera/vsli-alert.proof-node2416.smt2,0.003023297991603613,ok
BV/2017-Preiner-keymaera/vsli-alert.proof-node2442.smt2,0.0033051749924197793,ok
BV/2017-Preiner-keymaera/vsli.proof-node2282.smt2,0.0033354019979014993,ok
BV/2017-Preiner-psyco/006.smt2,0.008024903014302254,ok
BV/2017-Preiner-psyco/008.smt2,0.017656899988651276,ok
BV/2017-Preiner-psyco/015.smt2,0.01134754199301824,ok
BV/2017-Preiner-psyco/026.smt2,0.008261405979283154,ok
BV/2017-Preiner-psyco/027.smt2,0.01288961200043559,ok
BV/2017-Preiner-psyco/033.smt2,0.013356775976717472,ok
BV/2017-Preiner-psyco/034.smt2,0.013233083998784423,ok
BV/2017-Preiner-psyco/035.smt2,0.013377764029428363,ok
BV/2017-Preiner-psyco/040.smt2,0.01366513199172914,ok
BV/2017-Preiner-psyco/041.smt2,0.013808268995489925,ok
BV/2017-Preiner-psyco/045.smt2,0.014248943014536053,ok
BV/2017-Preiner-psyco/046.smt2,0.014192066970281303,ok
BV/2017-Preiner-psyco/048.smt2,0.016630792000796646,ok
BV/2017-Preiner-psyco/050.smt2,0.016481472994200885,ok
BV/2017-Preiner-psyco/052.smt2,0.01668541500112042,ok
BV/2017-Preiner-psyco/055.smt2,0.01680208300240338,ok
BV/2017-Preiner-psyco/056.smt2,0.016811659967061132,ok
BV/2017-Preiner-psyco/058.smt2,0.01722352998331189,ok
BV/2017-Preiner-psyco/060.smt2,0.0033454910153523088,ok
BV/2017-Preiner-psyco/064.smt2,0.005458729050587863,ok
BV/2017-Preiner-psyco/070.smt2,0.008423517982009798,ok
BV/2017-Preiner-psyco/073.smt2,0.013313424016814679,ok
BV/2017-Preiner-psyco/074.smt2,0.013488030002918094,ok
BV/2017-Preiner-psyco/075.smt2,0.013114632980432361,ok
BV/2017-Preiner-psyco/076.smt2,0.013414873974397779,ok
BV/2017-Preiner-psyco/077.smt2,0.013206254050601274,ok
BV/2017-Preiner-psyco/078.smt2,0.013502367015462369,ok
BV/2017-Preiner-psyco/079.smt2,0.013259132974781096,ok
BV/2017-Preiner-psyco/081.smt2,0.013762112997937948,ok
BV/2017-Preiner-psyco/083.smt2,0.013421967043541372,ok
BV/2017-Preiner-psyco/084.smt2,0.013693804969079792,ok
BV/2017-Preiner-psyco/086.smt2,0.013565475994255394,ok
BV/2017-Preiner-psyco/092.smt2,0.01635125104803592,ok
BV/2017-Preiner-psyco/094.smt2,0.016774652001913637,ok
BV/2017-Preiner-psyco/095.smt2,0.017437639995478094,ok
BV/2017-Preiner-psyco/099.smt2,0.018356165965087712,ok
BV/2017-Preiner-psyco/101.smt2,0.017950168054085225,ok
BV/2017-Preiner-psyco/110.smt2,0.010553847998380661,ok
BV/2017-Preiner-psyco/113.smt2,0.010882953996770084,ok
BV/2017-Preiner-psyco/115.smt2,0.010797174007166177,ok
BV/2017-Preiner-psyco/117.smt2,0.011927093961276114,ok
BV/2017-Preiner-psyco/119.smt2,0.009938750008586794,ok
BV/2017-Preiner-psyco/121.smt2,0.01171057898318395,ok
BV/2017-Preiner-psyco/122.smt2,0.011127389967441559,ok
BV/2017-Preiner-psyco/123.smt2,0.011223389010410756,ok
BV/2017-Preiner-psyco/125.smt2,0.015079803997650743,ok
BV/2017-Preiner-psyco/126.smt2,0.015179431007709354,ok
BV/2017-Preiner-psyco/133.smt2,0.014248700987081975,ok
BV/2017-Preiner-psyco/137.smt2,0.03260691202012822,ok
BV/2017-Preiner-psyco/148.smt2,0.006068508024327457,ok
BV/2017-Preiner-psyco/150.smt2,0.00803557300241664,ok
BV/2017-Preiner-psyco/154.smt2,0.004909333016257733,ok
BV/2017-Preiner-psyco/160.smt2,0.006054472003597766,ok
BV/2017-Preiner-psyco/167.smt2,0.006968609988689423,ok
BV/2017-Preiner-psyco/172.smt2,0.009429908008314669,ok
BV/2017-Preiner-psyco/174.smt2,0.008915198035538197,ok
BV/2017-Preiner-psyco/182.smt2,0.007705095980782062,ok
BV/2017-Preiner-psyco/185.smt2,0.013043620041571558,ok
BV/2017-Preiner-psyco/190.smt2,0.014431203017011285,ok
BV/2017-Preiner-scholl-smt08/RND/RND_3_1.smt2,0.0034864130429923534,ok
BV/2017-Preiner-scholl-smt08/RND/RND_3_10.smt2,0.002298034029081464,ok
BV/2017-Preiner-scholl-smt08/RND/RND_3_12.smt2,0.008411486051045358,ok
BV/2017-Preiner-scholl-smt08/RND/RND_3_13.smt2,0.006606343027669936,ok
BV/2017-Preiner-scholl-smt08/RND/RND_3_15.smt2,0.005449601972941309,ok
BV/2017-Preiner-scholl-smt08/RND/RND_3_18.smt2,0.006643272005021572,ok
BV/2017-Preiner-scholl-smt08/RND/RND_3_20.smt2,0.005048402992542833,ok
BV/2017-Preiner-scholl-smt08/RND/RND_3_23.smt2,0.016289816005155444,ok
BV/2017-Preiner-scholl-smt08/RND/RND_3_24.smt2,0.020237852004356682,ok
BV/2017-Preiner-scholl-smt08/RND/RND_3_28.smt2,0.019380539015401155,ok
BV/2017-Preiner-scholl-smt08/RND/RND_3_29.smt2,0.01213771803304553,ok
BV/2017-Preiner-scholl-smt08/RND/RND_3_30.smt2,0.019113361020572484,ok
BV/2017-Preiner-scholl-smt08/RND/RND_3_4.smt2,0.003707467985805124,ok
BV/2017-Preiner-scholl-smt08/RND/RND_3_7.smt2,0.0032590989721938968,ok
BV/2017-Preiner-scholl-smt08/RND/RND_3_8.smt2,0.00277171895140782,ok
BV/2017-Preiner-scholl-smt08/RND/RND_3_9.smt2,0.0041840270278044045,ok
BV/2017-Preiner-scholl-smt08/RND/RND_4_1.smt2,0.006404095969628543,ok
BV/2017-Preiner-scholl-smt08/RND/RND_4_11.smt2,0.015095925016794354,ok
BV/2017-Preiner-scholl-smt08/RND/RND_4_12.smt2,0.015698450966738164,ok
BV/2017-Preiner-scholl-smt08/RND/RND_4_14.smt2,0.013234468002337962,ok
BV/2017-Preiner-scholl-smt08/RND/RND_4_2.smt2,0.008075729012489319,ok
BV/2017-Preiner-scholl-smt08/RND/RND_4_20.smt2,0.011953412962611765,ok
BV/2017-Preiner-scholl-smt08/RND/RND_4_22.smt2,0.043130022007972,ok
BV/2017-Preiner-scholl-smt08/RND/RND_4_23.smt2,0.024323977006133646,ok
BV/2017-Preiner-scholl-smt08/RND/RND_4_24.smt2,0.041687475983053446,ok
BV/2017-Preiner-scholl-smt08/RND/RND_4_27.smt2,0.029388379014562815,ok
BV/2017-Preiner-scholl-smt08/RND/RND_4_3.smt2,0.004845503019168973,ok
BV/2017-Preiner-scholl-smt08/RND/RND_4_4.smt2,0.006075510988011956,ok
BV/2017-Preiner-scholl-smt08/RND/RND_6_1.smt2,0.013273098971694708,ok
BV/2017-Preiner-scholl-smt08/RND/RND_6_13.smt2,0.014679977030027658,ok
BV/2017-Preiner-scholl-smt08/RND/RND_6_14.smt2,0.019716818002052605,ok
BV/2017-Preiner-scholl-smt08/RND/RND_6_15.smt2,0.021988873020745814,ok
BV/2017-Preiner-scholl-smt08/RND/RND_6_16.smt2,0.026071059983223677,ok
BV/2017-Preiner-scholl-smt08/RND/RND_6_19.smt2,0.025096110010053962,ok
BV/2017-Preiner-scholl-smt08/RND/RND_6_2.smt2,0.014952005003578961,ok
BV/2017-Preiner-scholl-smt08/RND/RND_6_21.smt2,0.06177831400418654,ok
BV/2017-Preiner-scholl-smt08/RND/RND_6_23.smt2,0.035442430002149194,ok
BV/2017-Preiner-scholl-smt08/RND/RND_6_25.smt2,0.0522413169965148,ok
BV/2017-Preiner-scholl-smt08/RND/RND_6_26.smt2,0.06443155201850459,ok
BV/2017-Preiner-scholl-smt08/RND/RND_6_27.smt2,0.03612346202135086,ok
BV/2017-Preiner-scholl-smt08/RND/RND_6_28.smt2,0.052999252977315336,ok
BV/2017-Preiner-scholl-smt08/RND/RND_6_29.smt2,0.04353829595493153,ok
BV/2017-Preiner-scholl-smt08/RND/RND_6_30.smt2,0.04142557905288413,ok
BV/2017-Preiner-scholl-smt08/RND/RND_6_33.smt2,0.07280080899363384,ok
BV/2017-Preiner-scholl-smt08/RND/RND_6_36.smt2,0.12006120901787654,ok
BV/2017-Preiner-scholl-smt08/RND/RND_6_40.smt2,0.10106086899759248,ok
BV/2017-Preiner-scholl-smt08/RND/RND_6_6.smt2,0.0107924549956806,ok
BV/2017-Preiner-scholl-smt08/RND/RND_6_8.smt2,0.0058835530071519315,ok
BV/2017-Preiner-scholl-smt08/RND/RND_6_9.smt2,0.011628385982476175,ok
BV/2017-Preiner-scholl-smt08/RNDPRE/RNDPRE_3_10.smt2,0.004240863025188446,ok
BV/2017-Preiner-scholl-smt08/RNDPRE/RNDPRE_3_12.smt2,0.00738688197452575,ok
BV/2017-Preiner-scholl-smt08/RNDPRE/RNDPRE_3_16.smt2,0.006985070009250194,ok
BV/2017-Preiner-scholl-smt08/RNDPRE/RNDPRE_3_17.smt2,0.0032130629988387227,ok
BV/2017-Preiner-scholl-smt08/RNDPRE/RNDPRE_3_2.smt2,0.004396323987748474,ok
BV/2017-Preiner-scholl-smt08/RNDPRE/RNDPRE_3_20.smt2,0.004304403031710535,ok
BV/2017-Preiner-scholl-smt08/RNDPRE/RNDPRE_3_21.smt2,0.01055021199863404,ok
BV/2017-Preiner-scholl-smt08/RNDPRE/RNDPRE_3_26.smt2,0.0052848440245725214,ok
BV/2017-Preiner-scholl-smt08/RNDPRE/RNDPRE_3_29.smt2,0.010383048967923969,ok
BV/2017-Preiner-scholl-smt08/RNDPRE/RNDPRE_3_30.smt2,0.006565376999787986,ok
BV/2017-Preiner-scholl-smt08/RNDPRE/RNDPRE_3_33.smt2,0.005987636977806687,ok
BV/2017-Preiner-scholl-smt08/RNDPRE/RNDPRE_3_34.smt2,0.013169365003705025,ok
BV/2017-Preiner-scholl-smt08/RNDPRE/RNDPRE_3_35.smt2,0.015226939984131604,ok
BV/2017-Preiner-scholl-smt08/RNDPRE/RNDPRE_3_37.smt2,0.007532162999268621,ok
BV/2017-Preiner-scholl-smt08/RNDPRE/RNDPRE_3_39.smt2,0.016856234055012465,ok
BV/2017-Preiner-scholl-smt08/RNDPRE/RNDPRE_3_4.smt2,0.003639049013145268,ok
BV/2017-Preiner-scholl-smt08/RNDPRE/RNDPRE_3_43.smt2,0.00893028499558568,ok
BV/2017-Preiner-scholl-smt08/RNDPRE/RNDPRE_3_44.smt2,0.019660924037452787,ok
BV/2017-Preiner-scholl-smt08/RNDPRE/RNDPRE_3_46.smt2,0.012567339988891035,ok
BV/2017-Preiner-scholl-smt08/RNDPRE/RNDPRE_3_48.smt2,0.016128574032336473,ok
BV/2017-Preiner-scholl-smt08/RNDPRE/RNDPRE_3_5.smt2,0.0044539810041897,ok
BV/2017-Preiner-scholl-smt08/RNDPRE/RNDPRE_3_50.smt2,0.020162321045063436,ok
BV/2017-Preiner-scholl-smt08/RNDPRE/RNDPRE_3_51.smt2,0.056682462978642434,ok
BV/2017-Preiner-scholl-smt08/RNDPRE/RNDPRE_3_52.smt2,0.05717593600274995,ok
BV/2017-Preiner-scholl-smt08/RNDPRE/RNDPRE_3_53.smt2,0.02246462198672816,ok
BV/2017-Preiner-scholl-smt08/RNDPRE/RNDPRE_3_54.smt2,0.0452604130259715,ok
BV/2017-Preiner-scholl-smt08/RNDPRE/RNDPRE_3_55.smt2,0.055137977993581444,ok
BV/2017-Preiner-scholl-smt08/RNDPRE/RNDPRE_3_56.smt2,0.06211004394572228,ok
BV/2017-Preiner-scholl-smt08/RNDPRE/RNDPRE_3_58.smt2,0.018749291019048542,ok
BV/2017-Preiner-scholl-smt08/RNDPRE/RNDPRE_3_59.smt2,0.035652160993777215,ok
BV/2017-Preiner-scholl-smt08/RNDPRE/RNDPRE_3_6.smt2,0.004961078986525536,ok
BV/2017-Preiner-scholl-smt08/RNDPRE/RNDPRE_3_60.smt2,0.06297966901911423,ok
BV/2017-Preiner-scholl-smt08/RNDPRE/RNDPRE_3_9.smt2,0.004082877945620567,ok
BV/2017-Preiner-scholl-smt08/RNDPRE/RNDPRE_4_12.smt2,0.008348267991095781,ok
BV/2017-Preiner-scholl-smt08/RNDPRE/RNDPRE_4_16.smt2,0.008220718998927623,ok
BV/2017-Preiner-scholl-smt08/RNDPRE/RNDPRE_4_2.smt2,0.005334497021976858,ok
BV/2017-Preiner-scholl-smt08/RNDPRE/RNDPRE_4_27.smt2,0.007422468042932451,ok
BV/2017-Preiner-scholl-smt08/RNDPRE/RNDPRE_4_30.smt2,0.013229959004092962,ok
BV/2017-Preiner-scholl-smt08/RNDPRE/RNDPRE_4_31.smt2,0.018242263002321124,ok
BV/2017-Preiner-scholl-smt08/RNDPRE/RNDPRE_4_32.smt2,0.019528887001797557,ok
BV/2017-Preiner-scholl-smt08/RNDPRE/RNDPRE_4_33.smt2,0.006795026012696326,ok
BV/2017-Preiner-scholl-smt08/RNDPRE/RNDPRE_4_35.smt2,0.018532023997977376,ok
BV/2017-Preiner-scholl-smt08/RNDPRE/RNDPRE_4_36.smt2,0.02143755299039185,ok
BV/2017-Preiner-scholl-smt08/RNDPRE/RNDPRE_4_37.smt2,0.009390144026838243,ok
BV/2017-Preiner-scholl-smt08/RNDPRE/RNDPRE_4_38.smt2,0.004486171994358301,ok
BV/2017-Preiner-scholl-smt08/RNDPRE/RNDPRE_4_4.smt2,0.004742951015941799,ok
BV/2017-Preiner-scholl-smt08/RNDPRE/RNDPRE_4_40.smt2,0.02190441603306681,ok
BV/2017-Preiner-scholl-smt08/RNDPRE/RNDPRE_4_41.smt2,0.030298780009616166,ok
BV/2017-Preiner-scholl-smt08/RNDPRE/RNDPRE_4_49.smt2,0.023697374970652163,ok
BV/2017-Preiner-scholl-smt08/RNDPRE/RNDPRE_4_50.smt2,0.02903234399855137,ok
BV/2017-Preiner-scholl-smt08/RNDPRE/RNDPRE_4_52.smt2,0.0750735949841328,ok
BV/2017-Preiner-scholl-smt08/RNDPRE/RNDPRE_4_53.smt2,0.027862418035510927,ok
BV/2017-Preiner-scholl-smt08/RNDPRE/RNDPRE_4_54.smt2,0.058321064978372306,ok
BV/2017-Preiner-scholl-smt08/RNDPRE/RNDPRE_4_55.smt2,0.07182996498886496,ok
BV/2017-Preiner-scholl-smt08/RNDPRE/RNDPRE_4_57.smt2,0.036873733974061906,ok
BV/2017-Preiner-scholl-smt08/RNDPRE/RNDPRE_4_58.smt2,0.021425079961773008,ok
BV/2017-Preiner-scholl-smt08/RNDPRE/RNDPRE_4_59.smt2,0.04478162800660357,ok
BV/2017-Preiner-scholl-smt08/RNDPRE/RNDPRE_4_62.smt2,0.1687512999633327,ok
BV/2017-Preiner-scholl-smt08/RNDPRE/RNDPRE_4_66.smt2,0.19388640101533383,ok
BV/2017-Preiner-scholl-smt08/RNDPRE/RNDPRE_4_68.smt2,0.05666515103075653,ok
BV/2017-Preiner-scholl-smt08/RNDPRE/RNDPRE_4_9.smt2,0.004842497990466654,ok
BV/2017-Preiner-scholl-smt08/model/model_5_1.smt2,0.002145437989383936,ok
BV/2017-Preiner-scholl-smt08/model/model_5_10.smt2,0.0025585299590602517,ok
BV/2017-Preiner-scholl-smt08/model/model_5_11.smt2,0.00227116298628971,ok
BV/2017-Preiner-scholl-smt08/model/model_5_14.smt2,0.0023033940233290195,ok
BV/2017-Preiner-scholl-smt08/model/model_5_17.smt2,0.003388000011909753,ok
BV/2017-Preiner-scholl-smt08/model/model_5_22.smt2,0.004241725022438914,ok
BV/2017-Preiner-scholl-smt08/model/model_5_25.smt2,0.004239100031554699,ok
BV/2017-Preiner-scholl-smt08/model/model_5_3.smt2,0.0023479260271415114,ok
BV/2017-Preiner-scholl-smt08/model/model_5_33.smt2,0.013644151971675456,ok
BV/2017-Preiner-scholl-smt08/model/model_5_34.smt2,0.01873122702818364,ok
BV/2017-Preiner-scholl-smt08/model/model_5_35.smt2,0.021088230016175658,ok
BV/2017-Preiner-scholl-smt08/model/model_5_36.smt2,0.021574038022663444,ok
BV/2017-Preiner-scholl-smt08/model/model_5_37.smt2,0.018565526988822967,ok
BV/2017-Preiner-scholl-smt08/model/model_5_38.smt2,0.021745598001871258,ok
BV/2017-Preiner-scholl-smt08/model/model_5_39.smt2,0.021079122961964458,ok
BV/2017-Preiner-scholl-smt08/model/model_5_42.smt2,0.014506183040793985,ok
BV/2017-Preiner-scholl-smt08/model/model_5_49.smt2,0.012891725986264646,ok
BV/2017-Preiner-scholl-smt08/model/model_5_5.smt2,0.0024308619904331863,ok
BV/2017-Preiner-scholl-smt08/model/model_5_50.smt2,0.015567755966912955,ok
BV/2017-Preiner-scholl-smt08/model/model_5_59.smt2,0.012270486040506512,ok
BV/2017-Preiner-scholl-smt08/model/model_5_62.smt2,0.018174066033679992,ok
BV/2017-Preiner-scholl-smt08/model/model_5_63.smt2,0.013966845988761634,ok
BV/2017-Preiner-scholl-smt08/model/model_5_64.smt2,0.014335473999381065,ok
BV/2017-Preiner-scholl-smt08/model/model_5_7.smt2,0.002894708013627678,ok
BV/2017-Preiner-scholl-smt08/model/model_5_8.smt2,0.0024694440071471035,ok
BV/2017-Preiner-scholl-smt08/model/model_5_9.smt2,0.0023402819642797112,ok
BV/2017-Preiner-scholl-smt08/model/model_6_11.smt2,0.00279187603155151,ok
BV/2017-Preiner-scholl-smt08/model/model_6_12.smt2,0.0026823909720405936,ok
BV/2017-Preiner-scholl-smt08/model/model_6_15.smt2,0.0028488130192272365,ok
BV/2017-Preiner-scholl-smt08/model/model_6_17.smt2,0.003678733017295599,ok
BV/2017-Preiner-scholl-smt08/model/model_6_2.smt2,0.0027123879990540445,ok
BV/2017-Preiner-scholl-smt08/model/model_6_21.smt2,0.0036576130078174174,ok
BV/2017-Preiner-scholl-smt08/model/model_6_22.smt2,0.003755776968318969,ok
BV/2017-Preiner-scholl-smt08/model/model_6_24.smt2,0.0034014760167337954,ok
BV/2017-Preiner-scholl-smt08/model/model_6_26.smt2,0.003474480996374041,ok
BV/2017-Preiner-scholl-smt08/model/model_6_27.smt2,0.003390785015653819,ok
BV/2017-Preiner-scholl-smt08/model/model_6_28.smt2,0.0034177249763160944,ok
BV/2017-Preiner-scholl-smt08/model/model_6_3.smt2,0.002670088957529515,ok
BV/2017-Preiner-scholl-smt08/model/model_6_31.smt2,0.0034113830188289285,ok
BV/2017-Preiner-scholl-smt08/model/model_6_33.smt2,0.004602389002684504,ok
BV/2017-Preiner-scholl-smt08/model/model_6_38.smt2,0.005266369029413909,ok
BV/2017-Preiner-scholl-smt08/model/model_6_4.smt2,0.0028547229594551027,ok
BV/2017-Preiner-scholl-smt08/model/model_6_40.smt2,0.00557476602261886,ok
BV/2017-Preiner-scholl-smt08/model/model_6_44.smt2,0.004615231999196112,ok
BV/2017-Preiner-scholl-smt08/model/model_6_47.smt2,0.004039407998789102,ok
BV/2017-Preiner-scholl-smt08/model/model_6_5.smt2,0.0029343319474719465,ok
BV/2017-Preiner-scholl-smt08/model/model_6_51.smt2,0.005656938999891281,ok
BV/2017-Preiner-scholl-smt08/model/model_6_52.smt2,0.005723092996049672,ok
BV/2017-Preiner-scholl-smt08/model/model_6_53.smt2,0.00612947199260816,ok
BV/2017-Preiner-scholl-smt08/model/model_6_55.smt2,0.006217887043021619,ok
BV/2017-Preiner-scholl-smt08/model/model_6_56.smt2,0.005791450967080891,ok
BV/2017-Preiner-scholl-smt08/model/model_6_58.smt2,0.0058052460080944,ok
BV/2017-Preiner-scholl-smt08/model/model_6_60.smt2,0.006048050010576844,ok
BV/2017-Preiner-scholl-smt08/model/model_6_67.smt2,0.00887729600071907,ok
BV/2017-Preiner-scholl-smt08/model/model_6_69.smt2,0.008848533034324646,ok
BV/2017-Preiner-scholl-smt08/model/model_6_76.smt2,0.010373431025072932,ok
BV/2017-Preiner-scholl-smt08/model/model_6_8.smt2,0.0030691339634358883,ok
BV/2017-Preiner-scholl-smt08/model/model_6_9.smt2,0.0028486530063673854,ok
BV/2017-Preiner-tptp/NUM917=1.smt2,0.0010343620087951422,ok
BV/20170501-Heizmann-UltimateAutomizer/MultCommutative_true-unreach-call_true-no-overflow_true-termination.c_2674.smt2,0.0014138019760139287,ok
BV/20170501-Heizmann-UltimateAutomizer/MultCommutative_true-unreach-call_true-no-overflow_true-termination.c_3226.smt2,0.0019193359767086804,ok
BV/20170501-Heizmann-UltimateAutomizer/MultCommutative_true-unreach-call_true-no-overflow_true-termination.c_3235.smt2,0.0014111560303717852,ok
BV/20170501-Heizmann-UltimateAutomizer/gcd_2_true-unreach-call_true-no-overflow.i_921.smt2,0.0019212000188417733,ok
BV/20170501-Heizmann-UltimateAutomizer/gcd_3_true-unreach-call_true-no-overflow.i_1105.smt2,0.001804631028790027,ok
BV/20170501-Heizmann-UltimateAutomizer/jain_1_true-unreach-call_true-no-overflow.i_214.smt2,0.0014479259843938053,ok
BV/20170501-Heizmann-UltimateAutomizer/jain_1_true-unreach-call_true-no-overflow.i_407.smt2,0.0018173150019720197,ok
BV/20170501-Heizmann-UltimateAutomizer/jain_1_true-unreach-call_true-no-overflow.i_408.smt2,0.0016215300420299172,ok
BV/20170501-Heizmann-UltimateAutomizer/jain_1_true-unreach-call_true-no-overflow.i_409.smt2,0.0014528839965350926,ok
BV/20170501-Heizmann-UltimateAutomizer/jain_1_true-unreach-call_true-no-overflow.i_435.smt2,0.0015225050156004727,ok
BV/20170501-Heizmann-UltimateAutomizer/jain_2_true-unreach-call_true-no-overflow.i_223.smt2,0.0019112309673801064,ok
BV/20170501-Heizmann-UltimateAutomizer/jain_2_true-unreach-call_true-no-overflow.i_228.smt2,0.0015972839901223779,ok
BV/20170501-Heizmann-UltimateAutomizer/jain_2_true-unreach-call_true-no-overflow.i_230.smt2,0.0015840489650145173,ok
BV/20170501-Heizmann-UltimateAutomizer/jain_2_true-unreach-call_true-no-overflow.i_341.smt2,0.001460238010622561,ok
BV/20170501-Heizmann-UltimateAutomizer/jain_2_true-unreach-call_true-no-overflow.i_342.smt2,0.0014401699882000685,ok
BV/20170501-Heizmann-UltimateAutomizer/jain_2_true-unreach-call_true-no-overflow.i_433.smt2,0.0017006470006890595,ok
BV/20170501-Heizmann-UltimateAutomizer/jain_2_true-unreach-call_true-no-overflow.i_434.smt2,0.0017103060381487012,ok
BV/20170501-Heizmann-UltimateAutomizer/jain_2_true-unreach-call_true-no-overflow.i_435.smt2,0.0017222079914063215,ok
BV/20170501-Heizmann-UltimateAutomizer/jain_2_true-unreach-call_true-no-overflow.i_436.smt2,0.0017961859703063965,ok
BV/20170501-Heizmann-UltimateAutomizer/jain_2_true-unreach-call_true-no-overflow.i_461.smt2,0.002001930959522724,ok
BV/20170501-Heizmann-UltimateAutomizer/jain_2_true-unreach-call_true-no-overflow.i_464.smt2,0.0027924279565922916,ok
BV/20170501-Heizmann-UltimateAutomizer/jain_2_true-unreach-call_true-no-overflow.i_469.smt2,0.0019148379797115922,ok
BV/20170501-Heizmann-UltimateAutomizer/jain_4_true-unreach-call_true-no-overflow.i_198.smt2,0.002055330027360469,ok
BV/20170501-Heizmann-UltimateAutomizer/jain_4_true-unreach-call_true-no-overflow.i_200.smt2,0.0019581179949454963,ok
BV/20170501-Heizmann-UltimateAutomizer/jain_4_true-unreach-call_true-no-overflow.i_225.smt2,0.001875555026344955,ok
BV/20170501-Heizmann-UltimateAutomizer/jain_4_true-unreach-call_true-no-overflow.i_230.smt2,0.0018459989805705845,ok
BV/20170501-Heizmann-UltimateAutomizer/jain_4_true-unreach-call_true-no-overflow.i_266.smt2,0.0018441849970258772,ok
BV/20170501-Heizmann-UltimateAutomizer/jain_4_true-unreach-call_true-no-overflow.i_342.smt2,0.001847381005063653,ok
BV/20170501-Heizmann-UltimateAutomizer/jain_4_true-unreach-call_true-no-overflow.i_433.smt2,0.0020564720034599304,ok
BV/20170501-Heizmann-UltimateAutomizer/jain_4_true-unreach-call_true-no-overflow.i_435.smt2,0.0021096720010973513,ok
BV/20170501-Heizmann-UltimateAutomizer/jain_4_true-unreach-call_true-no-overflow.i_436.smt2,0.002195090986788273,ok
BV/20170501-Heizmann-UltimateAutomizer/jain_4_true-unreach-call_true-no-overflow.i_461.smt2,0.002374457020778209,ok
BV/20170501-Heizmann-UltimateAutomizer/jain_4_true-unreach-call_true-no-overflow.i_462.smt2,0.002398421987891197,ok
BV/20170501-Heizmann-UltimateAutomizer/jain_6_true-unreach-call_true-no-overflow.i_200.smt2,0.002039801038336009,ok
BV/20170501-Heizmann-UltimateAutomizer/jain_6_true-unreach-call_true-no-overflow.i_225.smt2,0.0018995590507984161,ok
BV/20170501-Heizmann-UltimateAutomizer/jain_6_true-unreach-call_true-no-overflow.i_340.smt2,0.0016298749833367765,ok
BV/20170501-Heizmann-UltimateAutomizer/jain_6_true-unreach-call_true-no-overflow.i_387.smt2,0.0017604900058358908,ok
BV/20170501-Heizmann-UltimateAutomizer/jain_6_true-unreach-call_true-no-overflow.i_431.smt2,0.0020212060189805925,ok
BV/20170501-Heizmann-UltimateAutomizer/jain_6_true-unreach-call_true-no-overflow.i_432.smt2,0.002075617027003318,ok
BV/20170501-Heizmann-UltimateAutomizer/jain_6_true-unreach-call_true-no-overflow.i_433.smt2,0.002072240982670337,ok
BV/20170501-Heizmann-UltimateAutomizer/jain_6_true-unreach-call_true-no-overflow.i_434.smt2,0.002167569997254759,ok
BV/20170501-Heizmann-UltimateAutomizer/jain_6_true-unreach-call_true-no-overflow.i_459.smt2,0.002214568026829511,ok
BV/20170501-Heizmann-UltimateAutomizer/jain_6_true-unreach-call_true-no-overflow.i_460.smt2,0.0021957330172881484,ok
BV/20170501-Heizmann-UltimateAutomizer/jain_6_true-unreach-call_true-no-overflow.i_58.smt2,0.0019948469707742333,ok
BV/20170501-Heizmann-UltimateAutomizer/jain_7_true-unreach-call_true-no-overflow.i_240.smt2,0.002021978027187288,ok
BV/20170501-Heizmann-UltimateAutomizer/jain_7_true-unreach-call_true-no-overflow.i_250.smt2,0.0024893510271795094,ok
BV/20170501-Heizmann-UltimateAutomizer/jain_7_true-unreach-call_true-no-overflow.i_253.smt2,0.0026356540038250387,ok
BV/20170501-Heizmann-UltimateAutomizer/jain_7_true-unreach-call_true-no-overflow.i_259.smt2,0.0016128839924931526,ok
BV/20170501-Heizmann-UltimateAutomizer/jain_7_true-unreach-call_true-no-overflow.i_306.smt2,0.002242660033516586,ok
BV/20170501-Heizmann-UltimateAutomizer/jain_7_true-unreach-call_true-no-overflow.i_307.smt2,0.001958157983608544,ok
BV/20170501-Heizmann-UltimateAutomizer/jain_7_true-unreach-call_true-no-overflow.i_382.smt2,0.0015704240067861974,ok
BV/20170501-Heizmann-UltimateAutomizer/jain_7_true-unreach-call_true-no-overflow.i_383.smt2,0.0016177420038729906,ok
BV/20170501-Heizmann-UltimateAutomizer/jain_7_true-unreach-call_true-no-overflow.i_431.smt2,0.001793831994291395,ok
BV/20170501-Heizmann-UltimateAutomizer/jain_7_true-unreach-call_true-no-overflow.i_475.smt2,0.00206076999893412,ok
BV/20170501-Heizmann-UltimateAutomizer/jain_7_true-unreach-call_true-no-overflow.i_476.smt2,0.002062453015241772,ok
BV/20170501-Heizmann-UltimateAutomizer/jain_7_true-unreach-call_true-no-overflow.i_61.smt2,0.00166910799453035,ok
BV/20170501-Heizmann-UltimateAutomizer/jain_7_true-unreach-call_true-no-overflow.i_70.smt2,0.002122865989804268,ok
BV/20170501-Heizmann-UltimateAutomizer/sum02_false-unreach-call_true-no-overflow.c_415.smt2,0.001986812043469399,ok
BV/20170501-Heizmann-UltimateAutomizer/sum02_false-unreach-call_true-no-overflow.i_336.smt2,0.002056912984699011,ok
BV/20170501-Heizmann-UltimateAutomizer/sum02_true-unreach-call_true-no-overflow.i_415.smt2,0.002109581953845918,ok
BV/20170501-Heizmann-UltimateAutomizer/verisec_sendmail__tTflag_arr_one_loop_false-unreach-call.i_1353.smt2,0.003007708990480751,ok
BV/20170501-Heizmann-UltimateAutomizer/verisec_sendmail__tTflag_arr_one_loop_false-unreach-call.i_2400.smt2,0.003379142959602177,ok
BV/2018-Preiner-cav18/check_bvsge_bvashr0_4bit.smt2,0.001275172980967909,ok
BV/2018-Preiner-cav18/check_bvsge_bvashr0_64bit.smt2,0.001252681016921997,ok
BV/2018-Preiner-cav18/check_bvsge_bvmul_32bit.smt2,0.0013151269522495568,ok
BV/2018-Preiner-cav18/check_bvsge_bvmul_64bit.smt2,0.0012966420035809278,ok
BV/2018-Preiner-cav18/check_bvsge_bvshl0_32bit.smt2,0.001388573960866779,ok
BV/2018-Preiner-cav18/check_bvsge_bvudiv0_32bit.smt2,0.0014827899867668748,ok
BV/2018-Preiner-cav18/check_bvsge_bvudiv0_64bit.smt2,0.0014429260045289993,ok
BV/2018-Preiner-cav18/check_bvsge_bvudiv1_64bit.smt2,0.001433187979273498,ok
BV/2018-Preiner-cav18/check_bvsge_bvurem0_32bit.smt2,0.0012005529715679586,ok
BV/2018-Preiner-cav18/check_bvsge_bvurem0_64bit.smt2,0.0011972069623880088,ok
BV/2018-Preiner-cav18/check_bvsge_bvurem1_32bit.smt2,0.0013758909772150218,ok
BV/2018-Preiner-cav18/check_bvsgt_bvand_32bit.smt2,0.0012438840349204838,ok
BV/2018-Preiner-cav18/check_bvsgt_bvand_64bit.smt2,0.0012225649552419782,ok
BV/2018-Preiner-cav18/check_bvsgt_bvconcat1_34_32bit.smt2,0.0012397259706631303,ok
BV/2018-Preiner-cav18/check_bvsgt_bvconcat1_62_4bit.smt2,0.0012509080115705729,ok
BV/2018-Preiner-cav18/check_bvsgt_bvconcat1_64_64bit.smt2,0.0012427220353856683,ok
BV/2018-Preiner-cav18/check_bvsgt_bvlshr0_4bit.smt2,0.00127412099391222,ok
BV/2018-Preiner-cav18/check_bvsgt_bvlshr0_64bit.smt2,0.0012526310165412724,ok
BV/2018-Preiner-cav18/check_bvsgt_bvlshr1_32bit.smt2,0.0012794200447387993,ok
BV/2018-Preiner-cav18/check_bvsgt_bvlshr1_64bit.smt2,0.0013045480009168386,ok
BV/2018-Preiner-cav18/check_bvsgt_bvmul_32bit.smt2,0.0011689940001815557,ok
BV/2018-Preiner-cav18/check_bvsgt_bvmul_64bit.smt2,0.0012043009628541768,ok
BV/2018-Preiner-cav18/check_bvsgt_bvshl0_64bit.smt2,0.0013685869635082781,ok
BV/2018-Preiner-cav18/check_bvsgt_bvurem0_32bit.smt2,0.0015800929977558553,ok
BV/2018-Preiner-cav18/check_bvsgt_bvurem1_32bit.smt2,0.0013767119962722063,ok
BV/2018-Preiner-cav18/check_bvsgt_bvurem1_4bit.smt2,0.0013792469981126487,ok
BV/2018-Preiner-cav18/check_bvsgt_bvurem1_64bit.smt2,0.0013716130051761866,ok
BV/2018-Preiner-cav18/check_bvsle_bvashr0_32bit.smt2,0.0012576900189742446,ok
BV/2018-Preiner-cav18/check_bvsle_bvashr1_32bit.smt2,0.0011467629810795188,ok
BV/2018-Preiner-cav18/check_bvsle_bvashr1_64bit.smt2,0.001134831050876528,ok
BV/2018-Preiner-cav18/check_bvsle_bvlshr0_32bit.smt2,0.0010889539844356477,ok
BV/2018-Preiner-cav18/check_bvsle_bvlshr0_4bit.smt2,0.0010884029907174408,ok
BV/2018-Preiner-cav18/check_bvsle_bvlshr0_64bit.smt2,0.0010915889870375395,ok
BV/2018-Preiner-cav18/check_bvsle_bvlshr1_32bit.smt2,0.0012242569937370718,ok
BV/2018-Preiner-cav18/check_bvsle_bvlshr1_64bit.smt2,0.0012721269740723073,ok
BV/2018-Preiner-cav18/check_bvsle_bvmul_32bit.smt2,0.001144908950664103,ok
BV/2018-Preiner-cav18/check_bvsle_bvmul_64bit.smt2,0.0011318550095893443,ok
BV/2018-Preiner-cav18/check_bvsle_bvshl1_64bit.smt2,0.0011937399976886809,ok
BV/2018-Preiner-cav18/check_bvsle_bvudiv1_64bit.smt2,0.0012106120120733976,ok
BV/2018-Preiner-cav18/check_bvsle_bvurem1_32bit.smt2,0.0012814750079996884,ok
BV/2018-Preiner-cav18/check_bvslt_bvadd_32bit.smt2,0.0011846630368381739,ok
BV/2018-Preiner-cav18/check_bvslt_bvadd_64bit.smt2,0.0012689509894698858,ok
BV/2018-Preiner-cav18/check_bvslt_bvashr0_64bit.smt2,0.0012407780159264803,ok
BV/2018-Preiner-cav18/check_bvslt_bvlshr0_64bit.smt2,0.0011212749523110688,ok
BV/2018-Preiner-cav18/check_bvslt_bvmul_32bit.smt2,0.0011961650452576578,ok
BV/2018-Preiner-cav18/check_bvslt_bvshl1_32bit.smt2,0.0012202700017951429,ok
BV/2018-Preiner-cav18/check_bvslt_bvshl1_64bit.smt2,0.0012458179844543338,ok
BV/2018-Preiner-cav18/check_bvslt_bvudiv0_32bit.smt2,0.0013485999661497772,ok
BV/2018-Preiner-cav18/check_bvslt_bvudiv1_64bit.smt2,0.0012657950283028185,ok
BV/2018-Preiner-cav18/check_bvslt_bvurem0_32bit.smt2,0.0012378430110402405,ok
BV/2018-Preiner-cav18/check_bvslt_bvurem0_4bit.smt2,0.0012396260281093419,ok
BV/2018-Preiner-cav18/check_bvslt_bvurem0_64bit.smt2,0.0012254889588803053,ok
BV/2018-Preiner-cav18/check_bvslt_bvurem1_64bit.smt2,0.0011855349875986576,ok
BV/2018-Preiner-cav18/check_bvuge_bvconcat0_2_64bit.smt2,0.0011829599970951676,ok
BV/2018-Preiner-cav18/check_bvuge_bvconcat0_34_32bit.smt2,0.0011878900113515556,ok
BV/2018-Preiner-cav18/check_bvuge_bvconcat0_64_64bit.smt2,0.001190042996313423,ok
BV/2018-Preiner-cav18/check_bvuge_bvlshr1_64bit.smt2,0.0010579570080153644,ok
BV/2018-Preiner-cav18/check_bvuge_bvshl1_32bit.smt2,0.003785383014474064,ok
BV/2018-Preiner-cav18/check_bvuge_bvshl1_64bit.smt2,0.006204972974956036,ok
BV/2018-Preiner-cav18/check_bvuge_bvurem0_32bit.smt2,0.0012264620163477957,ok
BV/2018-Preiner-cav18/check_bvuge_bvurem1_64bit.smt2,0.0013117709895595908,ok
BV/2018-Preiner-cav18/check_bvugt_bvashr0_4bit.smt2,0.0011230679810978472,ok
BV/2018-Preiner-cav18/check_bvugt_bvashr0_64bit.smt2,0.0011080499971285462,ok
BV/2018-Preiner-cav18/check_bvugt_bvashr1_64bit.smt2,0.0011824889807030559,ok
BV/2018-Preiner-cav18/check_bvugt_bvconcat0_2_64bit.smt2,0.0013774840044789016,ok
BV/2018-Preiner-cav18/check_bvugt_bvconcat0_62_4bit.smt2,0.0018487650086171925,ok
BV/2018-Preiner-cav18/check_bvugt_bvconcat0_64_64bit.smt2,0.0013020029873587191,ok
BV/2018-Preiner-cav18/check_bvugt_bvconcat1_64_64bit.smt2,0.0012467600172385573,ok
BV/2018-Preiner-cav18/check_bvugt_bvlshr1_64bit.smt2,0.0011442170361988246,ok
BV/2018-Preiner-cav18/check_bvugt_bvmul_32bit.smt2,0.001574501977302134,ok
BV/2018-Preiner-cav18/check_bvugt_bvmul_64bit.smt2,0.0011423650430515409,ok
BV/2018-Preiner-cav18/check_bvugt_bvshl1_64bit.smt2,0.006156622024718672,ok
BV/2018-Preiner-cav18/check_bvugt_bvudiv0_32bit.smt2,0.0012523999903351068,ok
BV/2018-Preiner-cav18/check_bvugt_bvudiv0_64bit.smt2,0.0012583609786815941,ok
BV/2018-Preiner-cav18/check_bvugt_bvudiv1_32bit.smt2,0.0011871579918079078,ok
BV/2018-Preiner-cav18/check_bvugt_bvudiv1_64bit.smt2,0.0011649959487840533,ok
BV/2018-Preiner-cav18/check_bvugt_bvurem1_32bit.smt2,0.0011461210087873042,ok
BV/2018-Preiner-cav18/check_bvule_bvashr1_32bit.smt2,0.0012316809734329581,ok
BV/2018-Preiner-cav18/check_bvule_bvashr1_64bit.smt2,0.001281553995795548,ok
BV/2018-Preiner-cav18/check_bvult_bvadd_32bit.smt2,0.0010881029884330928,ok
BV/2018-Preiner-cav18/check_bvult_bvadd_64bit.smt2,0.001073324994649738,ok
BV/2018-Preiner-cav18/check_bvult_bvashr0_32bit.smt2,0.0010784449987113476,ok
BV/2018-Preiner-cav18/check_bvult_bvashr1_64bit.smt2,0.0012363099958747625,ok
BV/2018-Preiner-cav18/check_bvult_bvudiv0_64bit.smt2,0.0011995109962299466,ok
BV/2018-Preiner-cav18/check_bvult_bvurem1_64bit.smt2,0.0012463279999792576,ok
BV/2018-Preiner-cav18/check_eq_bvadd_32bit.smt2,0.0010976510238833725,ok
BV/2018-Preiner-cav18/check_eq_bvlshr0_64bit.smt2,0.0011382169905118644,ok
BV/2018-Preiner-cav18/check_eq_bvmul_32bit.smt2,0.0011382370139472187,ok
BV/2018-Preiner-cav18/check_eq_bvmul_64bit.smt2,0.0011284190113656223,ok
BV/2018-Preiner-cav18/check_eq_bvneg_32bit.smt2,0.0010171409812755883,ok
BV/2018-Preiner-cav18/check_eq_bvneg_64bit.smt2,0.00101140997139737,ok
BV/2018-Preiner-cav18/check_eq_bvshl0_32bit.smt2,0.0010978119680657983,ok
BV/2018-Preiner-cav18/check_eq_bvshl0_64bit.smt2,0.001148867013398558,ok
BV/2018-Preiner-cav18/check_eq_bvudiv0_64bit.smt2,0.001244744984433055,ok
BV/2018-Preiner-cav18/check_eq_bvudiv1_64bit.smt2,0.0013510739663615823,ok
BV/2018-Preiner-cav18/check_eq_bvurem1_64bit.smt2,0.001209890004247427,ok
BV/2018-Preiner-cav18/check_ne_bvudiv0_32bit.smt2,0.001211834023706615,ok
BV/2018-Preiner-cav18/check_ne_bvudiv0_64bit.smt2,0.0012052819947712123,ok
BV/2018-Preiner-cav18/check_ne_bvudiv1_64bit.smt2,0.0011621620506048203,ok
BV/2018-Preiner-cav18/check_ne_bvurem0_32bit.smt2,0.0012090789969079196,ok
BV/2018-Preiner-cav18/check_ne_bvurem0_64bit.smt2,0.0012078859726898372,ok
BV/2018-Preiner-cav18/check_ne_bvurem1_32bit.smt2,0.0011864459956996143,ok
BV/20190429-UltimateAutomizerSvcomp2019/float_req_bl_0730b_true-unreach-call.c_28.smt2,0.0011498589883558452,ok
BV/20190429-UltimateAutomizerSvcomp2019/float_req_bl_0730b_true-unreach-call.c_31.smt2,0.0013585080159828067,ok
BV/20190429-UltimateAutomizerSvcomp2019/float_req_bl_0730b_true-unreach-call.c_36.smt2,0.0014981189742684364,ok
BV/20190429-UltimateAutomizerSvcomp2019/float_req_bl_0730b_true-unreach-call.c_38.smt2,0.0012937569990754128,ok
BV/20190429-UltimateAutomizerSvcomp2019/gcd_3_true-unreach-call_true-no-overflow.i_0.smt2,0.0018891990184783936,ok
BV/20190429-UltimateAutomizerSvcomp2019/jain_2_true-unreach-call_true-no-overflow_false-termination.i_1.smt2,0.0015869149938225746,ok
BV/20190429-UltimateAutomizerSvcomp2019/jain_2_true-unreach-call_true-no-overflow_false-termination.i_11.smt2,0.001598335977178067,ok
BV/20190429-UltimateAutomizerSvcomp2019/jain_2_true-unreach-call_true-no-overflow_false-termination.i_12.smt2,0.0014349010307341814,ok
BV/20190429-UltimateAutomizerSvcomp2019/jain_2_true-unreach-call_true-no-overflow_false-termination.i_13.smt2,0.0014220269513316453,ok
BV/20190429-UltimateAutomizerSvcomp2019/jain_2_true-unreach-call_true-no-overflow_false-termination.i_14.smt2,0.0014913060003891587,ok
BV/20190429-UltimateAutomizerSvcomp2019/jain_2_true-unreach-call_true-no-overflow_false-termination.i_15.smt2,0.0015068150241859257,ok
BV/20190429-UltimateAutomizerSvcomp2019/jain_2_true-unreach-call_true-no-overflow_false-termination.i_17.smt2,0.0015796020161360502,ok
BV/20190429-UltimateAutomizerSvcomp2019/jain_2_true-unreach-call_true-no-overflow_false-termination.i_19.smt2,0.0016350150108337402,ok
BV/20190429-UltimateAutomizerSvcomp2019/jain_2_true-unreach-call_true-no-overflow_false-termination.i_2.smt2,0.0014337290194816887,ok
BV/20190429-UltimateAutomizerSvcomp2019/jain_2_true-unreach-call_true-no-overflow_false-termination.i_9.smt2,0.0015916540287435055,ok
BV/20190429-UltimateAutomizerSvcomp2019/jain_6_true-unreach-call_true-no-overflow_false-termination.i_1.smt2,0.0017468839650973678,ok
BV/20190429-UltimateAutomizerSvcomp2019/jain_6_true-unreach-call_true-no-overflow_false-termination.i_10.smt2,0.0020389200071804225,ok
BV/20190429-UltimateAutomizerSvcomp2019/jain_6_true-unreach-call_true-no-overflow_false-termination.i_12.smt2,0.0019677869859151542,ok
BV/20190429-UltimateAutomizerSvcomp2019/jain_6_true-unreach-call_true-no-overflow_false-termination.i_16.smt2,0.0016097269835881889,ok
BV/20190429-UltimateAutomizerSvcomp2019/jain_6_true-unreach-call_true-no-overflow_false-termination.i_17.smt2,0.0017698869924061,ok
BV/20190429-UltimateAutomizerSvcomp2019/jain_6_true-unreach-call_true-no-overflow_false-termination.i_18.smt2,0.0017723210039548576,ok
BV/20190429-UltimateAutomizerSvcomp2019/jain_6_true-unreach-call_true-no-overflow_false-termination.i_2.smt2,0.001929925987496972,ok
BV/20190429-UltimateAutomizerSvcomp2019/jain_6_true-unreach-call_true-no-overflow_false-termination.i_4.smt2,0.0017059370293281972,ok
BV/20190429-UltimateAutomizerSvcomp2019/jain_6_true-unreach-call_true-no-overflow_false-termination.i_5.smt2,0.0017943829880096018,ok
BV/20190429-UltimateAutomizerSvcomp2019/jain_6_true-unreach-call_true-no-overflow_false-termination.i_6.smt2,0.0018488639616407454,ok
BV/20190429-UltimateAutomizerSvcomp2019/jain_6_true-unreach-call_true-no-overflow_false-termination.i_8.smt2,0.0018299990333616734,ok
BV/20190429-UltimateAutomizerSvcomp2019/jain_7_true-unreach-call_true-no-overflow_false-termination.i_10.smt2,0.0019457649905234575,ok
BV/20190429-UltimateAutomizerSvcomp2019/jain_7_true-unreach-call_true-no-overflow_false-termination.i_13.smt2,0.001915619010105729,ok
BV/20190429-UltimateAutomizerSvcomp2019/jain_7_true-unreach-call_true-no-overflow_false-termination.i_15.smt2,0.0020444699912332,ok
BV/20190429-UltimateAutomizerSvcomp2019/jain_7_true-unreach-call_true-no-overflow_false-termination.i_18.smt2,0.002144016034435481,ok
BV/20190429-UltimateAutomizerSvcomp2019/jain_7_true-unreach-call_true-no-overflow_false-termination.i_19.smt2,0.0018723380053415895,ok
BV/20190429-UltimateAutomizerSvcomp2019/jain_7_true-unreach-call_true-no-overflow_false-termination.i_21.smt2,0.002086759021040052,ok
BV/20190429-UltimateAutomizerSvcomp2019/jain_7_true-unreach-call_true-no-overflow_false-termination.i_4.smt2,0.00183886504964903,ok
BV/20190429-UltimateAutomizerSvcomp2019/jain_7_true-unreach-call_true-no-overflow_false-termination.i_5.smt2,0.0018049229984171689,ok
BV/20190429-UltimateAutomizerSvcomp2019/jain_7_true-unreach-call_true-no-overflow_false-termination.i_6.smt2,0.001828485052101314,ok
BV/20190429-UltimateAutomizerSvcomp2019/jain_7_true-unreach-call_true-no-overflow_false-termination.i_7.smt2,0.0019304669694975019,ok
BV/20190429-UltimateAutomizerSvcomp2019/jain_7_true-unreach-call_true-no-overflow_false-termination.i_8.smt2,0.0019156690104864538,ok
BV/20190429-UltimateAutomizerSvcomp2019/jain_7_true-unreach-call_true-no-overflow_false-termination.i_9.smt2,0.001930776983499527,ok
BV/20190429-UltimateAutomizerSvcomp2019/pals_lcr-var-start-time.6_true-unreach-call.ufo.UNBOUNDED.pals.c_1.smt2,0.0041311189997941256,ok
BV/20190429-UltimateAutomizerSvcomp2019/soft_float_4_true-unreach-call_true-no-overflow_true-termination.c.cil.c_0.smt2,0.0019664340070448816,ok
BV/20190429-UltimateAutomizerSvcomp2019/soft_float_4_true-unreach-call_true-no-overflow_true-termination.c.cil.c_2.smt2,0.0016047889948822558,ok
BV/20190429-UltimateAutomizerSvcomp2019/soft_float_4_true-unreach-call_true-no-overflow_true-termination.c.cil.c_3.smt2,0.0017803370137698948,ok
BV/20190429-UltimateAutomizerSvcomp2019/soft_float_4_true-unreach-call_true-no-overflow_true-termination.c.cil.c_5.smt2,0.0016331410151906312,ok
BV/20190429-UltimateAutomizerSvcomp2019/soft_float_4_true-unreach-call_true-no-overflow_true-termination.c.cil.c_7.smt2,0.001420744985807687,ok
BV/20190429-UltimateAutomizerSvcomp2019/soft_float_4_true-unreach-call_true-no-overflow_true-termination.c.cil.c_8.smt2,0.0013041070196777582,ok
BV/20190429-UltimateAutomizerSvcomp2019/sum02_false-unreach-call_true-no-overflow.c_1.smt2,0.0022816830314695835,ok
BV/20190429-UltimateAutomizerSvcomp2019/sum02_false-unreach-call_true-no-overflow.c_5.smt2,0.0022495429730042815,ok
BV/2020-Preiner-fmcad20/cons/check_cc_bvadd_x_s_4.smt2,0.001410094031598419,ok
BV/2020-Preiner-fmcad20/cons/check_cc_bvadd_x_s_64.smt2,0.0017014689510688186,ok
BV/2020-Preiner-fmcad20/cons/check_cc_bvand_x_s_32.smt2,0.0015975149581208825,ok
BV/2020-Preiner-fmcad20/cons/check_cc_bvand_x_s_4.smt2,0.0014112070202827454,ok
BV/2020-Preiner-fmcad20/cons/check_cc_bvashr_x_s_32.smt2,0.008040803018957376,ok
BV/2020-Preiner-fmcad20/cons/check_cc_bvashr_x_s_64.smt2,0.016105521004647017,ok
BV/2020-Preiner-fmcad20/cons/check_cc_bvlshr_s_x_32.smt2,0.005057770002167672,ok
BV/2020-Preiner-fmcad20/cons/check_cc_bvlshr_s_x_4.smt2,0.002179633011110127,ok
BV/2020-Preiner-fmcad20/cons/check_cc_bvlshr_x_s_4.smt2,0.0021070869988761842,ok
BV/2020-Preiner-fmcad20/cons/check_cc_bvsge_s_x_32.smt2,0.0014261140022426844,ok
BV/2020-Preiner-fmcad20/cons/check_cc_bvsge_s_x_64.smt2,0.0015477120177820325,ok
BV/2020-Preiner-fmcad20/cons/check_cc_bvsge_x_s_32.smt2,0.001411587989423424,ok
BV/2020-Preiner-fmcad20/cons/check_cc_bvshl_s_x_4.smt2,0.002044820983428508,ok
BV/2020-Preiner-fmcad20/cons/check_cc_bvshl_x_s_32.smt2,0.004962662002071738,ok
BV/2020-Preiner-fmcad20/cons/check_cc_bvshl_x_s_64.smt2,0.009237467951606959,ok
BV/2020-Preiner-fmcad20/cons/check_cc_bvslt_s_x_32.smt2,0.001590572006534785,ok
BV/2020-Preiner-fmcad20/cons/check_cc_bvslt_x_s_32.smt2,0.0016016620211303234,ok
BV/2020-Preiner-fmcad20/cons/check_cc_bvslt_x_s_4.smt2,0.001470217015594244,ok
BV/2020-Preiner-fmcad20/cons/check_cc_bvuge_s_x_32.smt2,0.0014050850295461714,ok
BV/2020-Preiner-fmcad20/cons/check_cc_bvuge_s_x_64.smt2,0.0015052729868330061,ok
BV/2020-Preiner-fmcad20/cons/check_cc_bvuge_x_s_32.smt2,0.0014122679713182151,ok
BV/2020-Preiner-fmcad20/cons/check_cc_bvuge_x_s_4.smt2,0.0013837749720551074,ok
BV/2020-Preiner-fmcad20/cons/check_cc_bvult_x_s_32.smt2,0.001440952008124441,ok
BV/2020-Preiner-fmcad20/cons/check_cc_bvult_x_s_64.smt2,0.001798019977286458,ok
BV/2020-Preiner-fmcad20/cons/check_cc_bvxor_x_s_32.smt2,0.0014800059725530446,ok
BV/2020-Preiner-fmcad20/cons/check_cc_concat_s_x_32.smt2,0.0016002199845388532,ok
BV/2020-Preiner-fmcad20/cons/check_cc_concat_s_x_4.smt2,0.001500893966294825,ok
BV/2020-Preiner-fmcad20/cons/check_cc_concat_x_s_32.smt2,0.00160749297356233,ok
BV/2020-Preiner-fmcad20/cons/check_cc_distinct_x_s_32.smt2,0.0013927020481787622,ok
BV/2020-Preiner-fmcad20/cons/check_cc_distinct_x_s_64.smt2,0.0014969059848226607,ok
BV/2020-Preiner-fmcad20/cons/check_cc_udiv_s_x_32.smt2,0.0024625210207886994,ok
BV/2020-Preiner-fmcad20/cons/check_cc_udiv_x_s_32.smt2,0.0028997579938732088,ok
BV/2020-Preiner-fmcad20/cons/check_cc_udiv_x_s_64.smt2,0.0029489389853551984,ok
BV/2020-Preiner-fmcad20/cons/check_cc_urem_x_s_32.smt2,0.00222790299449116,ok
BV/2020-Preiner-fmcad20/cons/check_cc_urem_x_s_4.smt2,0.0021493249805644155,ok
BV/2020-Preiner-fmcad20/cons/check_cc_x_s_32.smt2,0.0014100950211286545,ok
BV/2020-Preiner-fmcad20/cons/check_cc_x_s_64.smt2,0.0016108599957078695,ok
BV/2020-Preiner-fmcad20/inv/check_ic_bvadd_x_s_32.smt2,0.0018404179718345404,ok
BV/2020-Preiner-fmcad20/inv/check_ic_bvashr_x_s_4.smt2,0.0020317459711804986,ok
BV/2020-Preiner-fmcad20/inv/check_ic_bvlshr_s_x_4.smt2,0.002721705997828394,ok
BV/2020-Preiner-fmcad20/inv/check_ic_bvlshr_x_s_32.smt2,0.0017393699963577092,ok
BV/2020-Preiner-fmcad20/inv/check_ic_bvmul_x_s_4.smt2,0.0027248210390098393,ok
BV/2020-Preiner-fmcad20/inv/check_ic_bvmul_x_s_64.smt2,0.00995366700226441,ok
BV/2020-Preiner-fmcad20/inv/check_ic_bvsge_s_x_32.smt2,0.001815502007957548,ok
BV/2020-Preiner-fmcad20/inv/check_ic_bvsge_s_x_4.smt2,0.001646235992666334,ok
BV/2020-Preiner-fmcad20/inv/check_ic_bvsge_s_x_64.smt2,0.001856158021837473,ok
BV/2020-Preiner-fmcad20/inv/check_ic_bvsge_x_s_32.smt2,0.0017373560112901032,ok
BV/2020-Preiner-fmcad20/inv/check_ic_bvsge_x_s_4.smt2,0.0016536099719814956,ok
BV/2020-Preiner-fmcad20/inv/check_ic_bvsge_x_s_64.smt2,0.0018194099538959563,ok
BV/2020-Preiner-fmcad20/inv/check_ic_bvshl_s_x_32.smt2,0.007653118984308094,ok
BV/2020-Preiner-fmcad20/inv/check_ic_bvshl_s_x_4.smt2,0.002670409972779453,ok
BV/2020-Preiner-fmcad20/inv/check_ic_bvshl_s_x_64.smt2,0.015367052052170038,ok
BV/2020-Preiner-fmcad20/inv/check_ic_bvshl_x_s_32.smt2,0.0018029389902949333,ok
BV/2020-Preiner-fmcad20/inv/check_ic_bvshl_x_s_4.smt2,0.0016674359794706106,ok
BV/2020-Preiner-fmcad20/inv/check_ic_bvslt_x_s_64.smt2,0.001889970968477428,ok
BV/2020-Preiner-fmcad20/inv/check_ic_bvudiv_s_x_4.smt2,0.0021309820003807545,ok
BV/2020-Preiner-fmcad20/inv/check_ic_bvuge_s_x_64.smt2,0.0015216420288197696,ok
BV/2020-Preiner-fmcad20/inv/check_ic_bvuge_x_s_64.smt2,0.0015093699912540615,ok
BV/2020-Preiner-fmcad20/inv/check_ic_bvult_s_x_32.smt2,0.001465959008783102,ok
BV/2020-Preiner-fmcad20/inv/check_ic_bvult_s_x_4.smt2,0.0013722529984079301,ok
BV/2020-Preiner-fmcad20/inv/check_ic_bvult_x_s_64.smt2,0.0015392059576697648,ok
BV/2020-Preiner-fmcad20/inv/check_ic_bvurem_s_x_32.smt2,0.002049889008048922,ok
BV/2020-Preiner-fmcad20/inv/check_ic_bvurem_s_x_4.smt2,0.001912884006742388,ok
BV/2020-Preiner-fmcad20/inv/check_ic_bvurem_s_x_64.smt2,0.0020579950069077313,ok
BV/2020-Preiner-fmcad20/inv/check_ic_bvurem_x_s_64.smt2,0.0025805309996940196,ok
BV/2020-Preiner-fmcad20/inv/check_ic_bvxor_x_s_32.smt2,0.0016104290261864662,ok
BV/2020-Preiner-fmcad20/inv/check_ic_concat_s_x_32.smt2,0.0016770939691923559,ok
BV/2020-Preiner-fmcad20/inv/check_ic_concat_s_x_4.smt2,0.0015766250435262918,ok
BV/2020-Preiner-fmcad20/inv/check_ic_concat_s_x_64.smt2,0.001777500961907208,ok
BV/2020-Preiner-fmcad20/inv/check_ic_concat_x_s_4.smt2,0.00158563198056072,ok
BV/2020-Preiner-fmcad20/inv/check_ic_concat_x_s_64.smt2,0.0018047820194624364,ok
BV/2020-Preiner-fmcad20/inv/check_ic_distinct_x_s_32.smt2,0.0014611199731007218,ok
BV/2020-Preiner-fmcad20/inv/check_ic_distinct_x_s_4.smt2,0.0013758499990217388,ok
BV/2020-Preiner-fmcad20/inv/check_ic_distinct_x_s_64.smt2,0.0015489640063606203,ok
BV/2020-Preiner-fmcad20/inv/check_ic_sext_1_4.smt2,0.001871436950750649,ok
BV/2020-Preiner-fmcad20/inv/check_ic_sext_2_32.smt2,0.0019111610017716885,ok
BV/2020-Preiner-fmcad20/inv/check_ic_sext_2_4.smt2,0.00240134698105976,ok
BV/2020-Preiner-fmcad20/inv/check_ic_sext_3_4.smt2,0.0019754410022869706,ok
BV/2020-Preiner-fmcad20/inv/check_ic_sext_3_64.smt2,0.0020264260238036513,ok
BV/2020-Preiner-fmcad20/inv/check_ic_sext_4_32.smt2,0.0020507710287347436,ok
BV/2020-Preiner-fmcad20/inv/check_ic_sext_4_4.smt2,0.0017699169693514705,ok
BV/2020-Preiner-fmcad20/inv/check_ic_sext_4_64.smt2,0.001998874999117106,ok
BV/2020-Preiner-fmcad20/inv/check_ic_x_s_4.smt2,0.0014358729822561145,ok
BV/20210301-Alive2/oggenc/283_oggenc.smt2,0.21926918398821726,ok
BV/20210301-Alive2/oggenc/363_oggenc.smt2,0.21824018302140757,ok
BV/20210301-Alive2/oggenc/386_oggenc.smt2,0.15755660296417773,ok
BV/20210301-Alive2-partial-undef/ph7/626_ph7.smt2,0.011371346015948802,ok
BV/20210301-Alive2-partial-undef/ph7/659_ph7.smt2,0.0068330460344441235,ok
BV/20210301-Alive2-partial-undef/sqlite3/773_sqlite3.smt2,0.004769410996232182,ok
BV/20210330-PEak/extern-loop_sat_subset/hard0.smt2,4.338380779954605,ok
BV/20210330-PEak/extern-loop_sat_subset/hard1.smt2,5,failed
BV/20210330-PEak/extern-loop_sat_subset/medium0.smt2,5,failed
BV/20210330-PEak/extern-loop_sat_subset/medium2.smt2,2.7495997729711235,ok
BV/20210330-PEak/extern-loop_unsat_subset/easy.smt2,0.2681932479608804,ok
BV/20210330-PEak/extern-loop_unsat_subset/medium.smt2,5.115829888032749,ok
BV/20210330-PEak/no-extern-loop_sat_subset/easy1.smt2,0.14058394898893312,ok
BV/20210330-PEak/no-extern-loop_sat_subset/easy4.smt2,0.6956493319594301,ok
BV/20210330-PEak/no-extern-loop_sat_subset/hard1.smt2,5,failed
BV/20210330-PEak/no-extern-loop_sat_subset/medium0.smt2,7.252510152000468,ok
BV/20210330-PEak/no-extern-loop_sat_subset/medium1.smt2,3.49975377303781,ok
BV/20210330-PEak/no-extern-loop_sat_subset/medium2.smt2,3.4869616520009004,ok
BV/20210330-PEak/no-extern-loop_unsat_subset/easy.smt2,0.053207537974230945,ok
BV/20210330-PEak/no-extern-loop_unsat_subset/hard.smt2,4.041312896995805,ok
BV/20210330-PEak/no-extern-loop_unsat_subset/medium.smt2,0.1867763579939492,ok
BV/20230321-UltimateAutomizerSvcomp2023/Primes.c_3.smt2,0.0022457849700003862,ok
BV/20230321-UltimateAutomizerSvcomp2023/btor2c-eagerMod.bakery.1.prop1-func-interl.c_10.smt2,0.0220603360212408,ok
BV/20230321-UltimateAutomizerSvcomp2023/btor2c-eagerMod.bakery.1.prop1-func-interl.c_11.smt2,0.022029828978702426,ok
BV/20230321-UltimateAutomizerSvcomp2023/btor2c-eagerMod.bakery.1.prop1-func-interl.c_2.smt2,0.022236955992411822,ok
BV/20230321-UltimateAutomizerSvcomp2023/btor2c-eagerMod.bakery.1.prop1-func-interl.c_4.smt2,0.022010272019542754,ok
BV/20230321-UltimateAutomizerSvcomp2023/btor2c-eagerMod.cambridge.1.prop2-func-interl.c_2.smt2,0.01615922001656145,ok
BV/20230321-UltimateAutomizerSvcomp2023/btor2c-eagerMod.unsafe_arbitrated_fifos_n2d8w8.c_1.smt2,0.0035335510037839413,ok
BV/20230321-UltimateAutomizerSvcomp2023/btor2c-eagerMod.vis_arrays_vsa16a_p6.c_5.smt2,0.004658995021600276,ok
BV/20230321-UltimateAutomizerSvcomp2023/btor2c-lazyMod.fischer.1.prop1-back-serstep.c_2.smt2,0.005570476991124451,ok
BV/20230321-UltimateAutomizerSvcomp2023/btor2c-lazyMod.protocols.1.prop1-func-interl.c_0.smt2,0.06770984403556213,ok
BV/20230321-UltimateAutomizerSvcomp2023/heapsort.i_0.smt2,0.001608385005965829,ok
BV/20230321-UltimateAutomizerSvcomp2023/heapsort.i_2.smt2,0.0014089220203459263,ok
BV/20230321-UltimateAutomizerSvcomp2023/heapsort.i_3.smt2,0.001310808991547674,ok
BV/20230321-UltimateAutomizerSvcomp2023/heapsort.i_6.smt2,0.00118116702651605,ok
BV/20230321-UltimateAutomizerSvcomp2023/heapsort.i_9.smt2,0.0014132699579931796,ok
BV/20230321-UltimateAutomizerSvcomp2023/jain_2-2.c_0.smt2,0.0012854409869760275,ok
BV/20230321-UltimateAutomizerSvcomp2023/jain_2-2.c_10.smt2,0.0019310180214233696,ok
BV/20230321-UltimateAutomizerSvcomp2023/jain_2-2.c_3.smt2,0.0013754499959759414,ok
BV/20230321-UltimateAutomizerSvcomp2023/jain_2-2.c_9.smt2,0.0014244310441426933,ok
BV/20230321-UltimateAutomizerSvcomp2023/jain_4-1.c_1.smt2,0.0015442350413650274,ok
BV/20230321-UltimateAutomizerSvcomp2023/jain_4-1.c_11.smt2,0.002354018040932715,ok
BV/20230321-UltimateAutomizerSvcomp2023/jain_4-1.c_2.smt2,0.001551558030769229,ok
BV/20230321-UltimateAutomizerSvcomp2023/jain_4-1.c_4.smt2,0.0015980859752744436,ok
BV/20230321-UltimateAutomizerSvcomp2023/jain_4-1.c_5.smt2,0.0015785589930601418,ok
BV/20230321-UltimateAutomizerSvcomp2023/jain_4-1.c_7.smt2,0.002298553998116404,ok
BV/20230321-UltimateAutomizerSvcomp2023/jain_6-1.c_1.smt2,0.001530929992441088,ok
BV/20230321-UltimateAutomizerSvcomp2023/jain_6-1.c_10.smt2,0.0016824930207803845,ok
BV/20230321-UltimateAutomizerSvcomp2023/jain_6-1.c_11.smt2,0.002343248052056879,ok
BV/20230321-UltimateAutomizerSvcomp2023/jain_6-1.c_2.smt2,0.0015569080132991076,ok
BV/20230321-UltimateAutomizerSvcomp2023/jain_6-1.c_4.smt2,0.00205860601272434,ok
BV/20230321-UltimateAutomizerSvcomp2023/jain_6-1.c_5.smt2,0.0018179769976995885,ok
BV/20230321-UltimateAutomizerSvcomp2023/jain_6-1.c_6.smt2,0.0024966849596239626,ok
BV/20230321-UltimateAutomizerSvcomp2023/jain_6-1.c_7.smt2,0.002450598985888064,ok
BV/20230321-UltimateAutomizerSvcomp2023/jain_6-1.c_8.smt2,0.001643550000153482,ok
BV/20230321-UltimateAutomizerSvcomp2023/jain_6-1.c_9.smt2,0.0016698400140739977,ok
BV/20230321-UltimateAutomizerSvcomp2023/jain_7-1.c_0.smt2,0.001634995045606047,ok
BV/20230321-UltimateAutomizerSvcomp2023/jain_7-1.c_2.smt2,0.0021892099757678807,ok
BV/20230321-UltimateAutomizerSvcomp2023/jain_7-1.c_3.smt2,0.001715363992843777,ok
BV/20230321-UltimateAutomizerSvcomp2023/jain_7-1.c_4.smt2,0.001707930990960449,ok
BV/20230321-UltimateAutomizerSvcomp2023/jain_7-1.c_5.smt2,0.0027244299999438226,ok
BV/20230321-UltimateAutomizerSvcomp2023/jain_7-1.c_9.smt2,0.001800783968064934,ok
BV/20230321-UltimateAutomizerSvcomp2023/jain_7-2.c_1.smt2,0.0016251259949058294,ok
BV/20230321-UltimateAutomizerSvcomp2023/linear-inequality-inv-a.c_0.smt2,0.0012122750049456954,ok
BV/20230321-UltimateAutomizerSvcomp2023/linear-inequality-inv-a.c_5.smt2,0.0012391650234349072,ok
BV/20230321-UltimateAutomizerSvcomp2023/linear-inequality-inv-a.c_6.smt2,0.001457652950193733,ok
BV/20230321-UltimateAutomizerSvcomp2023/psyco_abp_1-2.c_2.smt2,0.0010394419659860432,ok
BV/20230321-UltimateAutomizerSvcomp2023/soft_float_1-1.c.cil.c_0.smt2,0.001462071028072387,ok
BV/20230321-UltimateAutomizerSvcomp2023/soft_float_1-1.c.cil.c_10.smt2,0.001478443038649857,ok
BV/20230321-UltimateAutomizerSvcomp2023/soft_float_1-1.c.cil.c_2.smt2,0.0014020390226505697,ok
BV/20230321-UltimateAutomizerSvcomp2023/soft_float_1-1.c.cil.c_3.smt2,0.0017695960123091936,ok
BV/20230321-UltimateAutomizerSvcomp2023/soft_float_1-1.c.cil.c_6.smt2,0.0015699330251663923,ok
BV/20230321-UltimateAutomizerSvcomp2023/soft_float_1-1.c.cil.c_9.smt2,0.0013503229711204767,ok
BV/20230321-UltimateAutomizerSvcomp2023/soft_float_1-2.c.cil.c_6.smt2,0.0014440780505537987,ok
BV/20230321-UltimateAutomizerSvcomp2023/soft_float_4-1.c.cil.c_1.smt2,0.0018287760321982205,ok
BV/20230321-UltimateAutomizerSvcomp2023/soft_float_4-1.c.cil.c_7.smt2,0.0015248790150508285,ok
BV/20230321-UltimateAutomizerSvcomp2023/soft_float_4-1.c.cil.c_8.smt2,0.0015697029884904623,ok
BV/20230321-UltimateAutomizerSvcomp2023/soft_float_4-1.c.cil.c_9.smt2,0.0015046410262584686,ok
BV/20230321-UltimateAutomizerSvcomp2023/soft_float_4-2.c.cil.c_10.smt2,0.0014538870309479535,ok
BV/20230321-UltimateAutomizerSvcomp2023/soft_float_4-2.c.cil.c_3.smt2,0.0013550809817388654,ok
BV/20230321-UltimateAutomizerSvcomp2023/soft_float_4-2.c.cil.c_4.smt2,0.001404574024491012,ok
BV/20230321-UltimateAutomizerSvcomp2023/soft_float_4-2.c.cil.c_6.smt2,0.0017919280217029154,ok
BV/20230321-UltimateAutomizerSvcomp2023/soft_float_4-2.c.cil.c_7.smt2,0.0015342460246756673,ok
BV/20230321-UltimateAutomizerSvcomp2023/soft_float_4-2.c.cil.c_9.smt2,0.0014392890152521431,ok
BV/20230321-UltimateAutomizerSvcomp2023/soft_float_4-2a.c.cil.c_10.smt2,0.0013900469639338553,ok
BV/20230321-UltimateAutomizerSvcomp2023/soft_float_4-2a.c.cil.c_8.smt2,0.0014100749976933002,ok
BV/20230321-UltimateAutomizerSvcomp2023/soft_float_4-2a.c.cil.c_9.smt2,0.001413560996297747,ok
BV/20230321-UltimateAutomizerSvcomp2023/sum.i_0.smt2,0.0012145389919169247,ok
BV/20230321-UltimateAutomizerSvcomp2023/sum.i_1.smt2,0.0012088079820387065,ok
BV/llvm13-smtlib/01.smt2,0.002997189003508538,ok
BV/llvm13-smtlib/03.smt2,0.0029995739459991455,ok
BV/llvm13-smtlib/05.smt2,0.0023502910044044256,ok
BV/llvm13-smtlib/07.smt2,0.0036782720126211643,ok
BV/llvm13-smtlib/08.smt2,0.0037766859750263393,ok
BV/wintersteiger/fmsd13/fixpoint/AR-fixpoint-10.smt2,0.006065030989702791,ok
BV/wintersteiger/fmsd13/fixpoint/AR-fixpoint-3.smt2,0.002576404018327594,ok
BV/wintersteiger/fmsd13/fixpoint/AR-fixpoint-4.smt2,0.003153771976940334,ok
BV/wintersteiger/fmsd13/fixpoint/AR-fixpoint-7.smt2,0.004541033995337784,ok
BV/wintersteiger/fmsd13/fixpoint/AR-fixpoint-8.smt2,0.005237345001660287,ok
BV/wintersteiger/fmsd13/fixpoint/AR-fixpoint-9.smt2,0.005810005008243024,ok
BV/wintersteiger/fmsd13/fixpoint/cache-coherence-2-fixpoint-6.smt2,0.44836178299738094,failed
BV/wintersteiger/fmsd13/fixpoint/cache-coherence-3-fixpoint-3.smt2,0.23040999000659212,failed
BV/wintersteiger/fmsd13/fixpoint/ethernet-fixpoint-3.smt2,0.21744640002725646,failed
BV/wintersteiger/fmsd13/fixpoint/ethernet-fixpoint-4.smt2,0.21837717900052667,failed
BV/wintersteiger/fmsd13/fixpoint/itc-b13-fixpoint-6.smt2,0.07826323999324813,ok
BV/wintersteiger/fmsd13/fixpoint/itc-b13-fixpoint-7.smt2,0.08965422300389037,ok
BV/wintersteiger/fmsd13/fixpoint/itc-b13-fixpoint-8.smt2,0.10398434597300366,ok
BV/wintersteiger/fmsd13/fixpoint/itc-b13-fixpoint-9.smt2,0.1176458599511534,ok
BV/wintersteiger/fmsd13/fixpoint/sdlx-fixpoint-10.smt2,0.31473540602019057,ok
BV/wintersteiger/fmsd13/fixpoint/sdlx-fixpoint-6.smt2,0.17803974502021447,ok
BV/wintersteiger/fmsd13/fixpoint/small-equiv-fixpoint-10.smt2,0.009686337958555669,ok
BV/wintersteiger/fmsd13/fixpoint/small-equiv-fixpoint-4.smt2,0.0042379479855299,ok
BV/wintersteiger/fmsd13/fixpoint/small-equiv-fixpoint-5.smt2,0.004799307032953948,ok
BV/wintersteiger/fmsd13/fixpoint/small-equiv-fixpoint-6.smt2,0.01473648304818198,ok
BV/wintersteiger/fmsd13/fixpoint/small-equiv-fixpoint-7.smt2,0.0065679309773258865,ok
BV/wintersteiger/fmsd13/fixpoint/small-equiv-fixpoint-9.smt2,0.007800123014021665,ok
BV/wintersteiger/fmsd13/fixpoint/small-pipeline-fixpoint-5.smt2,0.007559172983746976,ok
BV/wintersteiger/fmsd13/fixpoint/small-pipeline-fixpoint-6.smt2,0.009613010042812675,ok
BV/wintersteiger/fmsd13/fixpoint/small-pipeline-fixpoint-8.smt2,0.010939317988231778,ok
BV/wintersteiger/fmsd13/fixpoint/small-pipeline-fixpoint-9.smt2,0.012345324968919158,ok
BV/wintersteiger/fmsd13/fixpoint/usb-phy-fixpoint-4.smt2,0.11673690198222175,ok
BV/wintersteiger/fmsd13/ranking/1394diag_ioctl.c.smt2,0.0033070589997805655,ok
BV/wintersteiger/fmsd13/ranking/1394diag_isochapi.c.smt2,0.001687411975581199,ok
BV/wintersteiger/fmsd13/ranking/AVStream_hwsim.cpp.smt2,0.0025895980070345104,ok
BV/wintersteiger/fmsd13/ranking/AVStream_image.cpp.smt2,0.001889761013444513,ok
BV/wintersteiger/fmsd13/ranking/audio_ac97_common.cpp.smt2,0.00159603200154379,ok
BV/wintersteiger/fmsd13/ranking/audio_ac97_wavepcistream2.cpp.smt2,0.0014006170094944537,ok
BV/wintersteiger/fmsd13/ranking/audio_ddksynth_csynth2.cpp.smt2,0.0014610199723392725,ok
BV/wintersteiger/fmsd13/ranking/audio_ddksynth_voice.cpp.smt2,0.0017804370145313442,ok
BV/wintersteiger/fmsd13/ranking/audio_fmsynth_miniport.cpp.smt2,0.001283608959056437,ok
BV/wintersteiger/fmsd13/ranking/audio_gfxswap.xp_filter.cpp.smt2,0.0013639190001413226,ok
BV/wintersteiger/fmsd13/ranking/audio_sysfx_swap.cpp.smt2,0.0013841069885529578,ok
BV/wintersteiger/fmsd13/ranking/filesys_cdfs_allocsup.c.smt2,0.0024281569640152156,ok
BV/wintersteiger/fmsd13/ranking/filesys_fastfat_cachesup.c.smt2,0.0013322600279934704,ok
BV/wintersteiger/fmsd13/ranking/filesys_filter_namelookup.c.smt2,0.0015868450282141566,ok
BV/wintersteiger/fmsd13/ranking/general_pcidrv_sys_hw_eeprom.c.smt2,0.002293566009029746,ok
BV/wintersteiger/fmsd13/ranking/hid_hclient_ecdisp.c.smt2,0.0013105079997330904,ok
BV/wintersteiger/fmsd13/ranking/input_mouser_cseries.c.smt2,0.001290631014853716,ok
BV/wintersteiger/fmsd13/ranking/input_mouser_detect.c.smt2,0.0013664140133187175,ok
BV/wintersteiger/fmsd13/ranking/input_pnpi8042_moudep.c.smt2,0.0015561270411126316,ok
BV/wintersteiger/fmsd13/ranking/kernel_uagp35_gart.c.smt2,0.0014682029723189771,ok
BV/wintersteiger/fmsd13/ranking/kmdf_osrusbfx2_exe_testapp.c.smt2,0.0013368080253712833,ok
BV/wintersteiger/fmsd13/ranking/kmdf_pcidrv_sys_hw_nic_init.c.smt2,0.0012715949560515583,ok
BV/wintersteiger/fmsd13/ranking/kmdf_usbsamp_sys_queue.c.smt2,0.00142611499177292,ok
BV/wintersteiger/fmsd13/ranking/mmedia_gsm610_gsm610.c.smt2,0.0013929629931226373,ok
BV/wintersteiger/fmsd13/ranking/mmedia_gsm610_gsm6103.c.smt2,0.0012843090225942433,ok
BV/wintersteiger/fmsd13/ranking/network_ndis_e100bex_5x_kd_mp_dbg.c.smt2,0.0018963530310429633,ok
BV/wintersteiger/fmsd13/ranking/network_ndis_rtlnwifi_extsta_st_aplst.c.smt2,0.001389065000694245,ok
BV/wintersteiger/fmsd13/ranking/network_ndis_rtlnwifi_extsta_st_misc.c.smt2,0.0022736479877494276,ok
BV/wintersteiger/fmsd13/ranking/network_ndis_rtlnwifi_hw_hw_ccmp.c.smt2,0.001411407021805644,ok
BV/wintersteiger/fmsd13/ranking/network_usbnwifi_mp_util.c.smt2,0.0023082229890860617,ok
